Variant,page_views,GMV,num_add_to_card,clicks_on_media,time_on_page(sec),user_id,conversion_rate
A,5,0.0,0,2,74,0,0.0
A,4,0.0,4,1,21,1,1.0
A,4,0.0,2,0,1,2,0.5
A,5,0.0,0,1,26,3,0.0
A,5,0.0,3,3,46,4,0.6
A,3,0.0,1,1,31,5,0.3333333333333333
A,5,0.0,2,1,18,6,0.4
A,4,0.0,2,0,22,7,0.5
A,6,0.0,0,2,91,8,0.0
A,7,0.0,2,3,2,9,0.2857142857142857
A,2,0.0,5,1,22,10,2.5
A,5,0.0,2,1,7,11,0.4
A,5,0.0,3,1,20,12,0.6
A,6,0.0,0,2,19,13,0.0
A,4,0.0,2,0,4,14,0.5
A,6,0.0,1,4,5,15,0.16666666666666666
A,6,0.0,3,2,19,16,0.5
A,1,0.0,2,0,3,17,2.0
A,7,0.0,1,2,7,18,0.14285714285714285
A,2,0.0,2,1,36,19,1.0
A,11,121.72,1,2,8,20,0.09090909090909091
A,4,0.0,2,1,14,21,0.5
A,3,80.0,5,1,56,22,1.6666666666666667
A,8,0.0,3,2,6,23,0.375
A,3,0.0,4,2,10,24,1.3333333333333333
A,3,0.0,2,0,19,25,0.6666666666666666
A,5,0.0,2,2,28,26,0.4
A,8,0.0,0,1,46,27,0.0
A,3,0.0,2,0,49,28,0.6666666666666666
A,2,0.0,1,1,30,29,0.5
A,5,97.65,1,2,6,30,0.2
A,3,0.0,2,1,1,31,0.6666666666666666
A,8,0.0,3,1,10,32,0.375
A,10,0.0,1,3,3,33,0.1
A,3,0.0,2,1,25,34,0.6666666666666666
A,2,0.0,1,2,22,35,0.5
A,5,0.0,2,4,1,36,0.4
A,7,0.0,1,2,36,37,0.14285714285714285
A,6,0.0,1,2,6,38,0.16666666666666666
A,6,0.0,3,2,12,39,0.5
A,2,0.0,3,1,22,40,1.5
A,4,0.0,1,0,11,41,0.25
A,9,0.0,0,2,12,42,0.0
A,7,0.0,3,0,2,43,0.42857142857142855
A,11,0.0,3,1,11,44,0.2727272727272727
A,8,0.0,3,1,29,45,0.375
A,3,0.0,0,1,49,46,0.0
A,2,0.0,0,1,11,47,0.0
A,3,0.0,0,1,11,48,0.0
A,4,0.0,4,1,24,49,1.0
A,5,125.47,1,0,56,50,0.2
A,5,0.0,3,2,7,51,0.6
A,4,0.0,0,1,12,52,0.0
A,3,0.0,0,1,31,53,0.0
A,8,0.0,4,5,19,54,0.5
A,2,0.0,1,0,3,55,0.5
A,1,0.0,2,0,20,56,2.0
A,4,0.0,4,1,5,57,1.0
A,5,0.0,1,3,14,58,0.2
A,4,0.0,0,2,15,59,0.0
A,3,0.0,1,2,41,60,0.3333333333333333
A,4,0.0,2,1,13,61,0.5
A,8,0.0,1,6,7,62,0.125
A,2,0.0,1,0,6,63,0.5
A,2,98.22,1,0,41,64,0.5
A,2,0.0,3,1,4,65,1.5
A,7,0.0,1,4,11,66,0.14285714285714285
A,6,0.0,1,0,5,67,0.16666666666666666
A,7,71.68,3,1,29,68,0.42857142857142855
A,6,0.0,1,0,13,69,0.16666666666666666
A,7,0.0,2,1,9,70,0.2857142857142857
A,6,0.0,0,1,9,71,0.0
A,4,0.0,1,3,38,72,0.25
A,2,0.0,3,1,16,73,1.5
A,3,0.0,1,1,25,74,0.3333333333333333
A,4,0.0,4,2,45,75,1.0
A,7,0.0,2,2,46,76,0.2857142857142857
A,4,0.0,0,2,8,77,0.0
A,3,0.0,4,1,60,78,1.3333333333333333
A,2,0.0,2,0,1,79,1.0
A,6,0.0,1,2,10,80,0.16666666666666666
A,3,0.0,1,1,45,81,0.3333333333333333
A,5,0.0,2,2,7,82,0.4
A,9,0.0,1,6,7,83,0.1111111111111111
A,6,0.0,2,1,8,84,0.3333333333333333
A,6,0.0,2,3,19,85,0.3333333333333333
A,9,0.0,1,1,12,86,0.1111111111111111
A,4,0.0,1,2,26,87,0.25
A,9,0.0,5,2,44,88,0.5555555555555556
A,2,0.0,1,0,22,89,0.5
A,10,0.0,6,2,5,90,0.6
A,6,0.0,4,2,53,91,0.6666666666666666
A,9,0.0,2,1,6,92,0.2222222222222222
A,4,0.0,1,3,4,93,0.25
A,1,0.0,1,0,2,94,1.0
A,6,0.0,3,4,17,95,0.5
A,8,0.0,2,3,3,96,0.25
A,6,0.0,1,1,3,97,0.16666666666666666
A,2,0.0,4,0,7,98,2.0
A,3,0.0,2,1,7,99,0.6666666666666666
A,5,0.0,1,2,19,100,0.2
A,3,0.0,3,1,34,101,1.0
A,3,0.0,2,1,28,102,0.6666666666666666
A,5,0.0,4,1,6,103,0.8
A,6,0.0,4,5,6,104,0.6666666666666666
A,5,0.0,1,1,66,105,0.2
A,3,0.0,4,1,1,106,1.3333333333333333
A,5,0.0,0,1,42,107,0.0
A,3,92.31,3,1,5,108,1.0
A,3,0.0,3,1,58,109,1.0
A,6,0.0,2,1,9,110,0.3333333333333333
A,5,0.0,3,0,12,111,0.6
A,6,0.0,1,0,24,112,0.16666666666666666
A,2,0.0,4,0,18,113,2.0
A,4,0.0,3,1,8,114,0.75
A,7,0.0,0,5,16,115,0.0
A,6,0.0,2,2,26,116,0.3333333333333333
A,5,0.0,1,1,1,117,0.2
A,4,0.0,0,2,1,118,0.0
A,3,0.0,3,1,12,119,1.0
A,3,102.98,1,1,3,120,0.3333333333333333
A,7,130.64,1,1,22,121,0.14285714285714285
A,7,0.0,1,2,5,122,0.14285714285714285
A,6,0.0,4,4,12,123,0.6666666666666666
A,6,0.0,3,2,5,124,0.5
A,7,0.0,0,2,16,125,0.0
A,8,0.0,1,3,3,126,0.125
A,6,0.0,4,3,1,127,0.6666666666666666
A,3,0.0,2,0,2,128,0.6666666666666666
A,7,0.0,1,2,61,129,0.14285714285714285
A,5,0.0,2,3,3,130,0.4
A,5,0.0,1,1,25,131,0.2
A,7,0.0,3,3,2,132,0.42857142857142855
A,4,0.0,3,1,3,133,0.75
A,9,0.0,6,3,14,134,0.6666666666666666
A,4,0.0,1,1,13,135,0.25
A,5,0.0,3,1,60,136,0.6
A,2,0.0,1,1,57,137,0.5
A,6,0.0,4,1,30,138,0.6666666666666666
A,3,0.0,2,1,18,139,0.6666666666666666
A,6,0.0,3,1,12,140,0.5
A,2,0.0,1,0,9,141,0.5
A,3,0.0,2,2,58,142,0.6666666666666666
A,5,0.0,2,1,19,143,0.4
A,3,0.0,2,2,17,144,0.6666666666666666
A,4,0.0,1,0,6,145,0.25
A,5,0.0,4,2,1,146,0.8
A,6,0.0,1,1,57,147,0.16666666666666666
A,3,0.0,1,2,8,148,0.3333333333333333
A,3,86.06,2,1,12,149,0.6666666666666666
A,4,0.0,2,0,3,150,0.5
A,5,0.0,5,3,36,151,1.0
A,4,0.0,0,0,1,152,0.0
A,2,0.0,0,1,36,153,0.0
A,6,0.0,2,4,3,154,0.3333333333333333
A,6,0.0,1,3,43,155,0.16666666666666666
A,8,0.0,4,5,26,156,0.5
A,1,0.0,4,0,4,157,4.0
A,6,0.0,2,0,17,158,0.3333333333333333
A,2,0.0,1,0,8,159,0.5
A,5,0.0,1,1,4,160,0.2
A,2,0.0,4,1,39,161,2.0
A,6,0.0,1,1,11,162,0.16666666666666666
A,4,83.07,8,2,10,163,2.0
A,3,0.0,0,0,4,164,0.0
A,5,0.0,1,1,10,165,0.2
A,6,0.0,3,2,41,166,0.5
A,3,0.0,1,1,9,167,0.3333333333333333
A,4,0.0,3,2,60,168,0.75
A,8,99.65,2,1,58,169,0.25
A,4,0.0,2,2,4,170,0.5
A,10,0.0,1,1,4,171,0.1
A,4,0.0,2,0,39,172,0.5
A,5,0.0,0,2,10,173,0.0
A,10,0.0,1,5,1,174,0.1
A,3,0.0,0,0,7,175,0.0
A,4,99.42,5,1,18,176,1.25
A,7,0.0,4,2,32,177,0.5714285714285714
A,5,0.0,3,1,3,178,0.6
A,10,0.0,1,4,3,179,0.1
A,4,0.0,2,2,50,180,0.5
A,2,73.63,1,0,28,181,0.5
A,3,0.0,4,1,18,182,1.3333333333333333
A,5,0.0,1,2,29,183,0.2
A,8,0.0,0,2,11,184,0.0
A,4,0.0,3,1,28,185,0.75
A,3,0.0,1,0,10,186,0.3333333333333333
A,8,0.0,3,3,6,187,0.375
A,6,0.0,0,1,26,188,0.0
A,8,0.0,2,4,11,189,0.25
A,3,0.0,2,1,78,190,0.6666666666666666
A,3,0.0,1,0,9,191,0.3333333333333333
A,5,0.0,3,3,50,192,0.6
A,11,0.0,3,1,53,193,0.2727272727272727
A,7,0.0,1,2,6,194,0.14285714285714285
A,4,0.0,1,1,32,195,0.25
A,3,0.0,3,0,12,196,1.0
A,8,0.0,1,4,49,197,0.125
A,8,0.0,0,3,12,198,0.0
A,3,0.0,1,0,27,199,0.3333333333333333
A,3,0.0,3,1,13,200,1.0
A,6,0.0,4,2,6,201,0.6666666666666666
A,2,0.0,2,1,5,202,1.0
A,7,0.0,0,1,11,203,0.0
A,5,0.0,2,2,28,204,0.4
A,5,0.0,1,1,19,205,0.2
A,6,0.0,3,2,23,206,0.5
A,1,0.0,2,0,7,207,2.0
A,10,115.1,2,2,13,208,0.2
A,2,0.0,2,1,1,209,1.0
A,5,0.0,0,1,34,210,0.0
A,4,0.0,3,3,90,211,0.75
A,5,0.0,2,1,11,212,0.4
A,4,0.0,0,2,1,213,0.0
A,5,0.0,2,3,4,214,0.4
A,6,0.0,2,2,21,215,0.3333333333333333
A,1,0.0,2,1,19,216,2.0
A,3,0.0,2,2,31,217,0.6666666666666666
A,2,0.0,3,0,6,218,1.5
A,5,88.56,1,2,29,219,0.2
A,4,0.0,2,0,23,220,0.5
A,7,0.0,2,2,8,221,0.2857142857142857
A,7,0.0,3,1,16,222,0.42857142857142855
A,2,0.0,2,1,4,223,1.0
A,6,0.0,4,2,12,224,0.6666666666666666
A,7,0.0,2,2,42,225,0.2857142857142857
A,2,0.0,1,0,11,226,0.5
A,7,0.0,1,6,36,227,0.14285714285714285
A,5,0.0,0,0,18,228,0.0
A,7,0.0,2,0,5,229,0.2857142857142857
A,6,0.0,4,1,17,230,0.6666666666666666
A,5,101.39,1,4,14,231,0.2
A,6,0.0,0,4,10,232,0.0
A,5,0.0,2,2,3,233,0.4
A,4,0.0,0,2,11,234,0.0
A,7,0.0,0,1,2,235,0.0
A,1,0.0,3,1,3,236,3.0
A,8,0.0,2,1,11,237,0.25
A,4,85.63,3,0,8,238,0.75
A,5,112.65,1,0,51,239,0.2
A,3,0.0,1,1,10,240,0.3333333333333333
A,7,0.0,2,3,28,241,0.2857142857142857
A,2,0.0,4,0,15,242,2.0
A,5,0.0,3,4,24,243,0.6
A,10,0.0,1,3,6,244,0.1
A,7,0.0,4,1,56,245,0.5714285714285714
A,7,112.27,1,2,15,246,0.14285714285714285
A,10,0.0,3,4,35,247,0.3
A,1,0.0,1,1,9,248,1.0
A,5,0.0,1,1,3,249,0.2
A,3,84.42,2,1,22,250,0.6666666666666666
A,8,0.0,3,2,1,251,0.375
A,7,0.0,1,2,13,252,0.14285714285714285
A,3,0.0,3,3,5,253,1.0
A,1,0.0,2,0,20,254,2.0
A,5,0.0,2,3,76,255,0.4
A,3,0.0,2,1,13,256,0.6666666666666666
A,6,0.0,0,1,34,257,0.0
A,3,0.0,5,2,14,258,1.6666666666666667
A,4,0.0,2,1,14,259,0.5
A,5,0.0,2,1,52,260,0.4
A,8,0.0,0,1,44,261,0.0
A,7,0.0,4,1,31,262,0.5714285714285714
A,5,111.33,1,2,7,263,0.2
A,4,0.0,1,1,16,264,0.25
A,6,0.0,5,3,5,265,0.8333333333333334
A,8,0.0,0,1,12,266,0.0
A,4,0.0,2,0,13,267,0.5
A,3,0.0,1,0,35,268,0.3333333333333333
A,2,0.0,3,1,45,269,1.5
A,3,0.0,2,3,11,270,0.6666666666666666
A,9,0.0,5,3,1,271,0.5555555555555556
A,5,0.0,3,1,39,272,0.6
A,4,0.0,2,2,4,273,0.5
A,7,0.0,2,3,19,274,0.2857142857142857
A,8,0.0,1,0,1,275,0.125
A,4,0.0,0,2,10,276,0.0
A,4,70.31,1,1,84,277,0.25
A,8,0.0,3,1,3,278,0.375
A,5,0.0,1,1,11,279,0.2
A,5,0.0,1,1,8,280,0.2
A,6,0.0,0,2,46,281,0.0
A,7,0.0,2,1,40,282,0.2857142857142857
A,2,0.0,3,0,6,283,1.5
A,1,0.0,4,1,2,284,4.0
A,7,100.08,2,5,20,285,0.2857142857142857
A,5,0.0,3,2,8,286,0.6
A,4,0.0,3,1,22,287,0.75
A,4,0.0,2,1,1,288,0.5
A,3,0.0,3,0,3,289,1.0
A,8,0.0,0,1,23,290,0.0
A,7,0.0,2,2,5,291,0.2857142857142857
A,1,0.0,2,0,38,292,2.0
A,2,0.0,4,1,2,293,2.0
A,4,0.0,2,2,5,294,0.5
A,6,0.0,2,1,128,295,0.3333333333333333
A,4,0.0,2,1,12,296,0.5
A,6,0.0,2,2,24,297,0.3333333333333333
A,8,0.0,1,2,4,298,0.125
A,7,0.0,2,1,19,299,0.2857142857142857
A,5,0.0,3,1,26,300,0.6
A,2,0.0,1,0,8,301,0.5
A,1,0.0,3,0,35,302,3.0
A,7,0.0,3,3,19,303,0.42857142857142855
A,4,0.0,1,2,10,304,0.25
A,1,0.0,1,0,16,305,1.0
A,6,0.0,4,0,17,306,0.6666666666666666
A,5,0.0,2,2,4,307,0.4
A,8,0.0,1,1,11,308,0.125
A,5,83.84,1,1,9,309,0.2
A,4,0.0,0,0,10,310,0.0
A,10,76.83,2,2,28,311,0.2
A,7,0.0,3,3,13,312,0.42857142857142855
A,4,140.5,2,2,55,313,0.5
A,8,0.0,1,1,7,314,0.125
A,5,0.0,1,1,11,315,0.2
A,5,0.0,4,0,31,316,0.8
A,5,0.0,1,0,16,317,0.2
A,2,109.36,1,2,16,318,0.5
A,3,0.0,3,1,2,319,1.0
A,4,0.0,1,1,10,320,0.25
A,9,96.38,1,4,7,321,0.1111111111111111
A,0,0.0,0,0,143,322,
A,5,0.0,2,2,8,323,0.4
A,5,0.0,2,0,43,324,0.4
A,5,152.61,2,1,22,325,0.4
A,5,0.0,2,2,9,326,0.4
A,4,0.0,3,1,16,327,0.75
A,9,0.0,3,6,36,328,0.3333333333333333
A,6,0.0,5,2,42,329,0.8333333333333334
A,2,0.0,1,2,4,330,0.5
A,6,70.36,3,1,9,331,0.5
A,6,98.98,1,3,8,332,0.16666666666666666
A,6,0.0,0,1,1,333,0.0
A,5,0.0,2,4,18,334,0.4
A,2,0.0,3,0,38,335,1.5
A,5,0.0,1,1,10,336,0.2
A,3,0.0,4,2,27,337,1.3333333333333333
A,3,82.4,1,1,20,338,0.3333333333333333
A,3,0.0,0,1,10,339,0.0
A,6,0.0,2,4,3,340,0.3333333333333333
A,6,0.0,0,2,25,341,0.0
A,4,0.0,4,1,38,342,1.0
A,5,0.0,1,0,23,343,0.2
A,5,0.0,2,3,1,344,0.4
A,7,0.0,1,3,5,345,0.14285714285714285
A,5,111.1,1,1,2,346,0.2
A,3,0.0,1,0,17,347,0.3333333333333333
A,4,0.0,2,1,28,348,0.5
A,7,0.0,1,0,3,349,0.14285714285714285
A,5,0.0,2,0,36,350,0.4
A,7,0.0,3,2,16,351,0.42857142857142855
A,8,0.0,4,1,23,352,0.5
A,7,91.51,2,1,70,353,0.2857142857142857
A,5,0.0,2,2,2,354,0.4
A,8,0.0,3,0,46,355,0.375
A,4,0.0,3,1,3,356,0.75
A,6,0.0,2,1,10,357,0.3333333333333333
A,8,0.0,3,3,38,358,0.375
A,6,0.0,1,2,47,359,0.16666666666666666
A,3,0.0,4,1,14,360,1.3333333333333333
A,8,0.0,0,1,18,361,0.0
A,4,0.0,5,0,25,362,1.25
A,7,0.0,2,0,35,363,0.2857142857142857
A,2,0.0,1,0,3,364,0.5
A,10,0.0,1,5,33,365,0.1
A,6,67.52,1,1,13,366,0.16666666666666666
A,4,0.0,2,1,12,367,0.5
A,5,0.0,1,0,11,368,0.2
A,6,0.0,4,2,14,369,0.6666666666666666
A,4,0.0,3,2,57,370,0.75
A,5,0.0,0,2,16,371,0.0
A,6,0.0,2,3,60,372,0.3333333333333333
A,3,0.0,0,1,4,373,0.0
A,7,0.0,0,1,26,374,0.0
A,7,0.0,2,1,33,375,0.2857142857142857
A,8,0.0,3,3,23,376,0.375
A,4,0.0,2,1,19,377,0.5
A,7,0.0,2,2,17,378,0.2857142857142857
A,3,0.0,1,1,39,379,0.3333333333333333
A,4,0.0,0,1,34,380,0.0
A,4,0.0,2,2,3,381,0.5
A,0,0.0,0,0,37,382,
A,1,0.0,3,1,11,383,3.0
A,1,0.0,3,0,6,384,3.0
A,7,0.0,3,3,40,385,0.42857142857142855
A,5,0.0,0,3,12,386,0.0
A,5,0.0,1,1,33,387,0.2
A,8,0.0,2,3,6,388,0.25
A,3,0.0,1,1,1,389,0.3333333333333333
A,5,0.0,4,0,14,390,0.8
A,3,0.0,0,1,3,391,0.0
A,5,0.0,1,0,28,392,0.2
A,1,0.0,4,1,7,393,4.0
A,7,0.0,1,3,12,394,0.14285714285714285
A,2,0.0,2,0,2,395,1.0
A,4,0.0,4,0,7,396,1.0
A,6,0.0,2,2,30,397,0.3333333333333333
A,7,0.0,3,2,4,398,0.42857142857142855
A,9,0.0,1,0,21,399,0.1111111111111111
A,4,0.0,2,1,49,400,0.5
A,1,0.0,1,0,23,401,1.0
A,4,106.0,3,0,33,402,0.75
A,6,0.0,3,3,3,403,0.5
A,3,0.0,1,2,6,404,0.3333333333333333
A,4,0.0,3,2,44,405,0.75
A,2,0.0,3,1,25,406,1.5
A,6,0.0,3,1,20,407,0.5
A,8,0.0,2,2,22,408,0.25
A,7,0.0,0,1,11,409,0.0
A,2,0.0,4,1,1,410,2.0
A,6,0.0,1,4,30,411,0.16666666666666666
A,9,0.0,2,3,23,412,0.2222222222222222
A,3,0.0,2,2,13,413,0.6666666666666666
A,8,0.0,1,3,45,414,0.125
A,7,118.3,2,2,8,415,0.2857142857142857
A,6,94.89,6,2,7,416,1.0
A,10,0.0,0,1,41,417,0.0
A,5,0.0,4,0,32,418,0.8
A,5,86.52,2,2,15,419,0.4
A,5,0.0,1,1,3,420,0.2
A,5,0.0,2,2,5,421,0.4
A,4,0.0,4,1,21,422,1.0
A,10,0.0,1,2,10,423,0.1
A,3,0.0,2,1,36,424,0.6666666666666666
A,2,0.0,2,0,59,425,1.0
A,6,0.0,5,1,32,426,0.8333333333333334
A,4,0.0,1,2,10,427,0.25
A,4,0.0,0,1,31,428,0.0
A,8,0.0,2,3,9,429,0.25
A,5,0.0,1,3,4,430,0.2
A,4,0.0,0,2,1,431,0.0
A,7,0.0,1,4,10,432,0.14285714285714285
A,4,0.0,1,1,46,433,0.25
A,2,0.0,2,0,6,434,1.0
A,2,0.0,2,0,5,435,1.0
A,3,0.0,2,0,69,436,0.6666666666666666
A,3,0.0,0,2,1,437,0.0
A,8,0.0,3,3,31,438,0.375
A,6,0.0,1,0,8,439,0.16666666666666666
A,0,0.0,0,0,1,440,
A,8,0.0,3,1,49,441,0.375
A,5,0.0,1,2,3,442,0.2
A,4,0.0,0,2,16,443,0.0
A,5,0.0,1,3,7,444,0.2
A,7,0.0,2,4,2,445,0.2857142857142857
A,6,152.08,2,1,1,446,0.3333333333333333
A,3,0.0,1,0,3,447,0.3333333333333333
A,4,0.0,1,1,2,448,0.25
A,2,0.0,4,0,28,449,2.0
A,4,0.0,3,2,13,450,0.75
A,1,0.0,0,0,9,451,0.0
A,9,0.0,1,4,11,452,0.1111111111111111
A,3,0.0,3,1,52,453,1.0
A,1,0.0,3,0,48,454,3.0
A,5,0.0,1,0,25,455,0.2
A,4,0.0,2,1,43,456,0.5
A,6,0.0,3,2,8,457,0.5
A,5,120.71,1,1,10,458,0.2
A,8,0.0,0,3,19,459,0.0
A,5,0.0,2,2,20,460,0.4
A,7,0.0,3,2,13,461,0.42857142857142855
A,4,0.0,2,2,10,462,0.5
A,1,0.0,3,0,84,463,3.0
A,5,0.0,0,2,34,464,0.0
A,4,0.0,2,2,12,465,0.5
A,3,102.17,4,3,26,466,1.3333333333333333
A,2,0.0,4,0,7,467,2.0
A,12,0.0,2,3,3,468,0.16666666666666666
A,5,0.0,2,0,9,469,0.4
A,10,0.0,1,2,11,470,0.1
A,6,0.0,1,2,1,471,0.16666666666666666
A,1,0.0,0,1,33,472,0.0
A,6,0.0,2,1,9,473,0.3333333333333333
A,2,0.0,0,0,17,474,0.0
A,4,0.0,1,1,2,475,0.25
A,5,0.0,3,1,4,476,0.6
A,8,0.0,0,2,43,477,0.0
A,4,0.0,2,0,19,478,0.5
A,2,0.0,1,1,59,479,0.5
A,1,0.0,2,0,131,480,2.0
A,8,0.0,0,2,10,481,0.0
A,8,0.0,2,3,7,482,0.25
A,4,0.0,1,1,39,483,0.25
A,1,0.0,3,0,129,484,3.0
A,9,0.0,3,3,20,485,0.3333333333333333
A,4,0.0,2,2,31,486,0.5
A,2,0.0,2,0,30,487,1.0
A,4,0.0,2,1,9,488,0.5
A,3,0.0,0,2,17,489,0.0
A,8,0.0,2,3,35,490,0.25
A,9,0.0,2,2,23,491,0.2222222222222222
A,4,0.0,1,0,1,492,0.25
A,4,0.0,3,0,9,493,0.75
A,5,0.0,1,0,4,494,0.2
A,11,0.0,1,4,6,495,0.09090909090909091
A,8,0.0,2,0,46,496,0.25
A,6,0.0,1,1,1,497,0.16666666666666666
A,2,0.0,1,1,5,498,0.5
A,8,0.0,0,2,8,499,0.0
A,7,0.0,3,3,19,500,0.42857142857142855
A,6,0.0,2,3,15,501,0.3333333333333333
A,5,0.0,2,1,5,502,0.4
A,3,0.0,4,1,4,503,1.3333333333333333
A,5,0.0,1,2,6,504,0.2
A,3,0.0,3,1,14,505,1.0
A,3,0.0,2,0,7,506,0.6666666666666666
A,7,97.8,2,2,58,507,0.2857142857142857
A,4,0.0,1,3,13,508,0.25
A,4,0.0,3,1,2,509,0.75
A,6,0.0,1,1,26,510,0.16666666666666666
A,6,76.23,2,2,8,511,0.3333333333333333
A,3,128.87,1,1,21,512,0.3333333333333333
A,4,0.0,3,1,7,513,0.75
A,6,0.0,3,2,17,514,0.5
A,6,0.0,1,2,29,515,0.16666666666666666
A,6,0.0,2,3,52,516,0.3333333333333333
A,6,0.0,0,2,6,517,0.0
A,3,0.0,2,1,8,518,0.6666666666666666
A,5,0.0,2,0,13,519,0.4
A,2,0.0,0,1,52,520,0.0
A,5,0.0,3,3,46,521,0.6
A,3,0.0,4,0,2,522,1.3333333333333333
A,3,0.0,0,1,3,523,0.0
A,5,0.0,3,1,14,524,0.6
A,11,0.0,1,4,3,525,0.09090909090909091
A,7,0.0,2,3,9,526,0.2857142857142857
A,7,0.0,3,1,4,527,0.42857142857142855
A,4,0.0,2,2,20,528,0.5
A,1,0.0,0,0,59,529,0.0
A,4,0.0,0,2,112,530,0.0
A,5,0.0,1,1,10,531,0.2
A,4,0.0,4,1,18,532,1.0
A,4,0.0,1,0,38,533,0.25
A,7,0.0,0,1,3,534,0.0
A,6,0.0,2,2,23,535,0.3333333333333333
A,8,0.0,0,2,11,536,0.0
A,4,0.0,3,0,5,537,0.75
A,3,0.0,3,0,11,538,1.0
A,0,0.0,0,0,2,539,
A,4,0.0,4,2,24,540,1.0
A,1,0.0,0,1,6,541,0.0
A,4,0.0,4,0,8,542,1.0
A,3,0.0,1,1,3,543,0.3333333333333333
A,5,0.0,2,0,39,544,0.4
A,6,91.63,1,3,14,545,0.16666666666666666
A,6,0.0,1,3,17,546,0.16666666666666666
A,4,0.0,4,2,17,547,1.0
A,4,0.0,0,3,11,548,0.0
A,5,0.0,0,2,5,549,0.0
A,1,0.0,3,1,27,550,3.0
A,9,0.0,1,3,3,551,0.1111111111111111
A,7,0.0,2,1,3,552,0.2857142857142857
A,5,0.0,1,1,25,553,0.2
A,4,0.0,2,1,5,554,0.5
A,5,0.0,3,2,8,555,0.6
A,4,0.0,3,0,13,556,0.75
A,1,0.0,1,0,12,557,1.0
A,3,0.0,1,1,25,558,0.3333333333333333
A,7,0.0,1,1,20,559,0.14285714285714285
A,6,0.0,2,2,21,560,0.3333333333333333
A,10,0.0,2,5,25,561,0.2
A,4,0.0,4,2,7,562,1.0
A,5,0.0,4,2,8,563,0.8
A,6,0.0,4,2,12,564,0.6666666666666666
A,6,0.0,2,2,8,565,0.3333333333333333
A,8,0.0,2,1,82,566,0.25
A,4,0.0,0,2,33,567,0.0
A,3,0.0,2,0,4,568,0.6666666666666666
A,3,0.0,1,0,1,569,0.3333333333333333
A,9,0.0,2,4,1,570,0.2222222222222222
A,7,0.0,2,1,6,571,0.2857142857142857
A,2,0.0,1,0,3,572,0.5
A,2,0.0,5,0,15,573,2.5
A,4,0.0,1,0,39,574,0.25
A,6,0.0,3,1,27,575,0.5
A,9,0.0,2,1,5,576,0.2222222222222222
A,11,0.0,3,4,10,577,0.2727272727272727
A,4,0.0,4,2,14,578,1.0
A,7,0.0,1,2,33,579,0.14285714285714285
A,7,0.0,0,4,36,580,0.0
A,3,0.0,4,0,47,581,1.3333333333333333
A,7,0.0,3,1,14,582,0.42857142857142855
A,5,0.0,1,0,24,583,0.2
A,2,0.0,2,1,3,584,1.0
A,9,0.0,4,2,17,585,0.4444444444444444
A,6,109.9,3,2,6,586,0.5
A,3,67.72,1,1,12,587,0.3333333333333333
A,6,0.0,0,2,20,588,0.0
A,3,0.0,4,1,6,589,1.3333333333333333
A,2,0.0,1,2,2,590,0.5
A,8,0.0,1,2,1,591,0.125
A,4,0.0,3,1,1,592,0.75
A,5,0.0,3,2,1,593,0.6
A,4,0.0,2,1,3,594,0.5
A,3,0.0,0,0,6,595,0.0
A,4,0.0,3,1,5,596,0.75
A,3,114.15,1,1,85,597,0.3333333333333333
A,11,0.0,1,3,8,598,0.09090909090909091
A,6,0.0,2,1,3,599,0.3333333333333333
A,5,0.0,1,3,16,600,0.2
A,5,0.0,1,2,39,601,0.2
A,5,0.0,2,1,23,602,0.4
A,3,0.0,1,1,7,603,0.3333333333333333
A,6,0.0,3,3,17,604,0.5
A,4,0.0,1,0,25,605,0.25
A,5,0.0,1,1,26,606,0.2
A,3,0.0,4,1,22,607,1.3333333333333333
A,7,0.0,1,3,40,608,0.14285714285714285
A,3,0.0,3,0,40,609,1.0
A,6,0.0,1,4,17,610,0.16666666666666666
A,7,0.0,0,2,11,611,0.0
A,1,0.0,3,0,21,612,3.0
A,6,0.0,1,1,34,613,0.16666666666666666
A,4,0.0,0,0,1,614,0.0
A,2,0.0,3,1,95,615,1.5
A,2,0.0,1,2,4,616,0.5
A,5,0.0,1,1,13,617,0.2
A,5,0.0,4,3,41,618,0.8
A,3,81.45,2,2,5,619,0.6666666666666666
A,5,0.0,3,1,13,620,0.6
A,11,0.0,2,4,3,621,0.18181818181818182
A,2,0.0,1,0,10,622,0.5
A,6,0.0,0,2,4,623,0.0
A,5,77.11,2,0,9,624,0.4
A,3,0.0,0,1,10,625,0.0
A,4,0.0,3,0,98,626,0.75
A,10,0.0,1,4,103,627,0.1
A,1,0.0,0,1,3,628,0.0
A,8,0.0,1,1,26,629,0.125
A,3,0.0,1,0,2,630,0.3333333333333333
A,5,0.0,4,1,1,631,0.8
A,4,0.0,3,1,3,632,0.75
A,11,0.0,3,2,66,633,0.2727272727272727
A,3,0.0,1,1,56,634,0.3333333333333333
A,4,0.0,2,1,5,635,0.5
A,3,0.0,3,0,4,636,1.0
A,3,0.0,3,0,6,637,1.0
A,8,0.0,4,1,15,638,0.5
A,1,0.0,0,1,17,639,0.0
A,5,0.0,0,3,5,640,0.0
A,7,0.0,3,2,28,641,0.42857142857142855
A,3,0.0,2,1,8,642,0.6666666666666666
A,7,73.2,1,1,50,643,0.14285714285714285
A,5,0.0,1,2,21,644,0.2
A,7,0.0,1,1,12,645,0.14285714285714285
A,5,0.0,3,2,31,646,0.6
A,7,0.0,1,4,34,647,0.14285714285714285
A,5,0.0,0,1,7,648,0.0
A,4,111.98,1,2,9,649,0.25
A,5,68.22,5,0,54,650,1.0
A,11,0.0,1,3,4,651,0.09090909090909091
A,7,0.0,0,1,1,652,0.0
A,6,0.0,3,1,12,653,0.5
A,3,0.0,2,0,32,654,0.6666666666666666
A,0,0.0,0,0,29,655,
A,10,0.0,1,3,50,656,0.1
A,5,0.0,4,1,15,657,0.8
A,5,0.0,1,2,3,658,0.2
A,3,0.0,2,2,18,659,0.6666666666666666
A,4,0.0,2,1,30,660,0.5
A,2,0.0,1,0,2,661,0.5
A,2,0.0,4,0,4,662,2.0
A,7,0.0,1,3,1,663,0.14285714285714285
A,3,0.0,0,1,18,664,0.0
A,1,0.0,2,0,43,665,2.0
A,3,0.0,0,0,22,666,0.0
A,7,0.0,3,2,79,667,0.42857142857142855
A,5,0.0,0,1,2,668,0.0
A,5,0.0,5,3,46,669,1.0
A,4,80.58,3,2,33,670,0.75
A,5,0.0,1,0,8,671,0.2
A,5,78.27,2,1,71,672,0.4
A,3,0.0,2,0,7,673,0.6666666666666666
A,3,0.0,2,1,43,674,0.6666666666666666
A,6,0.0,1,3,42,675,0.16666666666666666
A,6,0.0,4,2,28,676,0.6666666666666666
A,4,0.0,1,1,17,677,0.25
A,9,0.0,4,2,3,678,0.4444444444444444
A,6,0.0,0,3,15,679,0.0
A,5,0.0,2,2,9,680,0.4
A,5,0.0,2,1,31,681,0.4
A,4,0.0,1,0,28,682,0.25
A,10,0.0,4,2,48,683,0.4
A,6,0.0,2,4,1,684,0.3333333333333333
A,2,0.0,4,1,33,685,2.0
A,4,0.0,2,1,55,686,0.5
A,3,0.0,3,1,31,687,1.0
A,2,0.0,3,1,3,688,1.5
A,5,0.0,1,1,2,689,0.2
A,6,0.0,0,1,1,690,0.0
A,5,0.0,1,2,20,691,0.2
A,10,0.0,2,4,20,692,0.2
A,5,0.0,2,2,85,693,0.4
A,5,0.0,4,3,10,694,0.8
A,4,0.0,1,1,8,695,0.25
A,4,0.0,3,0,20,696,0.75
A,3,0.0,4,2,35,697,1.3333333333333333
A,6,0.0,4,2,54,698,0.6666666666666666
A,4,0.0,1,1,32,699,0.25
A,2,0.0,2,1,11,700,1.0
A,9,0.0,3,3,20,701,0.3333333333333333
A,5,0.0,0,1,38,702,0.0
A,9,0.0,1,4,14,703,0.1111111111111111
A,5,0.0,2,2,5,704,0.4
A,5,65.29,3,2,4,705,0.6
A,1,0.0,2,0,1,706,2.0
A,5,0.0,1,0,25,707,0.2
A,8,0.0,1,1,3,708,0.125
A,6,0.0,0,1,6,709,0.0
A,2,0.0,2,0,7,710,1.0
A,5,0.0,2,3,17,711,0.4
A,5,0.0,1,2,10,712,0.2
A,4,0.0,2,2,22,713,0.5
A,6,0.0,3,2,2,714,0.5
A,5,0.0,2,0,3,715,0.4
A,6,0.0,2,4,14,716,0.3333333333333333
A,5,0.0,3,1,9,717,0.6
A,4,0.0,2,0,7,718,0.5
A,7,0.0,2,2,2,719,0.2857142857142857
A,5,0.0,1,3,45,720,0.2
A,7,0.0,4,4,23,721,0.5714285714285714
A,6,0.0,5,0,3,722,0.8333333333333334
A,4,0.0,1,2,2,723,0.25
A,8,0.0,1,2,72,724,0.125
A,4,0.0,4,0,23,725,1.0
A,3,0.0,2,2,11,726,0.6666666666666666
A,5,0.0,4,3,24,727,0.8
A,10,0.0,3,3,28,728,0.3
A,6,0.0,2,2,30,729,0.3333333333333333
A,4,0.0,2,2,13,730,0.5
A,3,0.0,0,2,11,731,0.0
A,3,0.0,2,2,1,732,0.6666666666666666
A,5,0.0,0,2,51,733,0.0
A,2,0.0,4,2,19,734,2.0
A,6,66.2,3,5,5,735,0.5
A,2,0.0,3,0,50,736,1.5
A,5,0.0,0,3,49,737,0.0
A,2,106.1,4,1,89,738,2.0
A,6,0.0,2,1,41,739,0.3333333333333333
A,3,0.0,1,1,120,740,0.3333333333333333
A,5,0.0,1,0,6,741,0.2
A,2,0.0,3,1,37,742,1.5
A,6,0.0,2,3,34,743,0.3333333333333333
A,6,0.0,1,1,6,744,0.16666666666666666
A,7,0.0,2,2,3,745,0.2857142857142857
A,6,0.0,1,4,76,746,0.16666666666666666
A,6,0.0,2,2,7,747,0.3333333333333333
A,4,0.0,3,1,40,748,0.75
A,4,0.0,2,1,1,749,0.5
A,7,0.0,1,2,1,750,0.14285714285714285
A,5,0.0,0,2,13,751,0.0
A,5,0.0,0,2,6,752,0.0
A,8,0.0,1,2,23,753,0.125
A,4,0.0,2,2,17,754,0.5
A,2,0.0,2,1,2,755,1.0
A,3,0.0,2,0,4,756,0.6666666666666666
A,4,94.18,1,2,10,757,0.25
A,6,0.0,1,2,5,758,0.16666666666666666
A,9,0.0,2,3,31,759,0.2222222222222222
A,3,0.0,0,0,11,760,0.0
A,5,0.0,1,1,2,761,0.2
A,3,0.0,3,0,13,762,1.0
A,2,0.0,0,0,2,763,0.0
A,4,0.0,0,2,3,764,0.0
A,9,0.0,1,0,6,765,0.1111111111111111
A,4,0.0,1,2,39,766,0.25
A,5,0.0,0,1,51,767,0.0
A,8,0.0,2,2,35,768,0.25
A,8,0.0,2,2,8,769,0.25
A,5,0.0,2,1,7,770,0.4
A,3,0.0,0,2,16,771,0.0
A,9,0.0,3,1,25,772,0.3333333333333333
A,2,0.0,0,0,98,773,0.0
A,8,0.0,2,4,3,774,0.25
A,7,0.0,3,2,1,775,0.42857142857142855
A,6,0.0,4,1,24,776,0.6666666666666666
A,9,112.47,2,2,35,777,0.2222222222222222
A,3,0.0,2,1,37,778,0.6666666666666666
A,6,0.0,1,4,23,779,0.16666666666666666
A,7,0.0,4,4,61,780,0.5714285714285714
A,7,0.0,3,2,14,781,0.42857142857142855
A,5,0.0,3,5,48,782,0.6
A,5,0.0,2,0,67,783,0.4
A,1,0.0,1,0,37,784,1.0
A,7,0.0,3,3,8,785,0.42857142857142855
A,4,0.0,1,0,5,786,0.25
A,7,0.0,0,0,16,787,0.0
A,5,0.0,3,1,12,788,0.6
A,5,0.0,2,1,41,789,0.4
A,3,0.0,3,1,3,790,1.0
A,5,0.0,3,2,6,791,0.6
A,5,0.0,0,1,28,792,0.0
A,4,0.0,3,1,2,793,0.75
A,3,0.0,2,2,8,794,0.6666666666666666
A,3,0.0,2,2,10,795,0.6666666666666666
A,5,0.0,3,1,19,796,0.6
A,10,50.11,1,6,4,797,0.1
A,2,0.0,1,1,39,798,0.5
A,5,0.0,2,0,12,799,0.4
A,3,0.0,1,0,49,800,0.3333333333333333
A,4,0.0,0,0,13,801,0.0
A,6,0.0,2,2,7,802,0.3333333333333333
A,3,0.0,4,0,3,803,1.3333333333333333
A,4,0.0,2,1,1,804,0.5
A,4,0.0,0,0,15,805,0.0
A,5,0.0,1,3,3,806,0.2
A,8,0.0,5,2,10,807,0.625
A,5,0.0,4,3,18,808,0.8
A,6,0.0,4,4,7,809,0.6666666666666666
A,3,0.0,4,0,4,810,1.3333333333333333
A,4,64.71,3,1,30,811,0.75
A,5,0.0,2,0,58,812,0.4
A,6,0.0,1,3,3,813,0.16666666666666666
A,7,0.0,1,2,4,814,0.14285714285714285
A,5,0.0,1,0,63,815,0.2
A,2,0.0,0,0,1,816,0.0
A,6,0.0,1,1,75,817,0.16666666666666666
A,4,0.0,4,3,1,818,1.0
A,2,0.0,0,1,41,819,0.0
A,4,0.0,1,2,8,820,0.25
A,2,0.0,3,0,55,821,1.5
A,3,0.0,1,0,8,822,0.3333333333333333
A,4,0.0,2,3,21,823,0.5
A,7,0.0,1,0,2,824,0.14285714285714285
A,5,0.0,2,3,6,825,0.4
A,5,0.0,3,1,29,826,0.6
A,7,0.0,1,0,15,827,0.14285714285714285
A,9,0.0,5,3,52,828,0.5555555555555556
A,7,0.0,5,5,11,829,0.7142857142857143
A,6,0.0,1,4,40,830,0.16666666666666666
A,6,0.0,0,1,12,831,0.0
A,9,0.0,1,1,76,832,0.1111111111111111
A,2,0.0,3,1,63,833,1.5
A,3,0.0,1,1,8,834,0.3333333333333333
A,9,0.0,0,4,43,835,0.0
A,3,0.0,3,0,37,836,1.0
A,8,0.0,2,5,5,837,0.25
A,5,0.0,0,2,20,838,0.0
A,4,0.0,0,2,2,839,0.0
A,9,0.0,1,3,36,840,0.1111111111111111
A,2,0.0,2,0,4,841,1.0
A,5,0.0,1,4,2,842,0.2
A,10,0.0,0,3,10,843,0.0
A,5,0.0,3,3,17,844,0.6
A,4,0.0,0,3,38,845,0.0
A,7,94.01,2,3,72,846,0.2857142857142857
A,3,0.0,1,1,12,847,0.3333333333333333
A,6,0.0,1,0,2,848,0.16666666666666666
A,3,0.0,3,0,27,849,1.0
A,3,0.0,2,0,17,850,0.6666666666666666
A,4,0.0,3,0,12,851,0.75
A,1,0.0,3,0,8,852,3.0
A,2,0.0,5,0,14,853,2.5
A,4,0.0,2,1,9,854,0.5
A,5,0.0,0,1,28,855,0.0
A,8,0.0,1,1,16,856,0.125
A,7,0.0,1,0,41,857,0.14285714285714285
A,7,0.0,2,3,16,858,0.2857142857142857
A,2,0.0,3,1,6,859,1.5
A,6,0.0,4,2,38,860,0.6666666666666666
A,8,0.0,0,3,16,861,0.0
A,6,0.0,1,3,5,862,0.16666666666666666
A,4,0.0,2,1,20,863,0.5
A,4,0.0,2,1,9,864,0.5
A,4,0.0,3,3,37,865,0.75
A,1,0.0,1,1,12,866,1.0
A,6,0.0,1,2,26,867,0.16666666666666666
A,8,0.0,2,3,2,868,0.25
A,7,0.0,0,1,10,869,0.0
A,7,102.97,3,2,80,870,0.42857142857142855
A,6,0.0,3,4,33,871,0.5
A,6,0.0,3,2,4,872,0.5
A,4,0.0,3,3,7,873,0.75
A,3,0.0,2,1,8,874,0.6666666666666666
A,6,0.0,5,5,21,875,0.8333333333333334
A,3,0.0,3,1,28,876,1.0
A,10,0.0,1,1,27,877,0.1
A,5,111.01,4,2,14,878,0.8
A,6,0.0,2,1,33,879,0.3333333333333333
A,6,0.0,2,0,12,880,0.3333333333333333
A,4,0.0,0,2,3,881,0.0
A,6,0.0,1,1,17,882,0.16666666666666666
A,5,113.52,2,2,60,883,0.4
A,3,101.4,1,0,31,884,0.3333333333333333
A,2,0.0,3,0,17,885,1.5
A,3,0.0,5,3,21,886,1.6666666666666667
A,2,0.0,2,0,53,887,1.0
A,8,0.0,2,3,11,888,0.25
A,7,104.33,2,2,8,889,0.2857142857142857
A,4,0.0,1,1,74,890,0.25
A,3,0.0,1,2,39,891,0.3333333333333333
A,3,0.0,3,1,8,892,1.0
A,6,0.0,4,1,13,893,0.6666666666666666
A,5,0.0,2,3,11,894,0.4
A,1,0.0,4,0,4,895,4.0
A,8,0.0,2,2,62,896,0.25
A,9,0.0,3,5,11,897,0.3333333333333333
A,4,107.82,2,1,41,898,0.5
A,7,0.0,3,3,5,899,0.42857142857142855
A,3,0.0,2,1,16,900,0.6666666666666666
A,7,0.0,3,3,1,901,0.42857142857142855
A,5,0.0,0,3,29,902,0.0
A,6,0.0,2,1,17,903,0.3333333333333333
A,8,71.86,2,1,20,904,0.25
A,2,0.0,3,0,2,905,1.5
A,4,0.0,2,2,5,906,0.5
A,9,0.0,0,2,2,907,0.0
A,4,0.0,1,0,7,908,0.25
A,4,0.0,4,1,20,909,1.0
A,3,0.0,2,2,17,910,0.6666666666666666
A,4,0.0,2,2,19,911,0.5
A,4,0.0,1,1,16,912,0.25
A,6,0.0,2,1,7,913,0.3333333333333333
A,7,0.0,1,2,6,914,0.14285714285714285
A,3,0.0,2,0,3,915,0.6666666666666666
A,6,0.0,1,0,37,916,0.16666666666666666
A,8,114.55,2,4,19,917,0.25
A,7,0.0,1,6,5,918,0.14285714285714285
A,3,0.0,3,0,4,919,1.0
A,4,51.47,1,0,41,920,0.25
A,6,0.0,2,1,27,921,0.3333333333333333
A,8,0.0,1,2,21,922,0.125
A,3,0.0,0,0,11,923,0.0
A,4,0.0,1,1,6,924,0.25
A,3,0.0,2,0,76,925,0.6666666666666666
A,8,0.0,0,3,32,926,0.0
A,1,0.0,2,1,8,927,2.0
A,3,0.0,2,1,37,928,0.6666666666666666
A,7,0.0,0,2,28,929,0.0
A,5,0.0,1,3,7,930,0.2
A,9,0.0,2,5,11,931,0.2222222222222222
A,5,0.0,0,1,5,932,0.0
A,4,0.0,4,0,3,933,1.0
A,5,0.0,4,1,26,934,0.8
A,7,59.11,1,1,7,935,0.14285714285714285
A,3,0.0,2,1,34,936,0.6666666666666666
A,6,0.0,3,2,106,937,0.5
A,7,0.0,4,2,2,938,0.5714285714285714
A,4,0.0,3,1,13,939,0.75
A,4,0.0,1,1,32,940,0.25
A,4,0.0,3,3,31,941,0.75
A,3,0.0,1,0,28,942,0.3333333333333333
A,4,0.0,1,2,9,943,0.25
A,2,0.0,1,0,12,944,0.5
A,7,0.0,3,0,18,945,0.42857142857142855
A,6,0.0,0,2,72,946,0.0
A,7,0.0,3,1,8,947,0.42857142857142855
A,5,0.0,0,0,51,948,0.0
A,4,0.0,2,0,7,949,0.5
A,5,0.0,0,2,89,950,0.0
A,4,0.0,0,2,22,951,0.0
A,7,0.0,0,1,13,952,0.0
A,5,0.0,1,2,19,953,0.2
A,6,132.01,1,1,7,954,0.16666666666666666
A,5,0.0,3,2,7,955,0.6
A,2,0.0,1,0,3,956,0.5
A,4,0.0,0,2,3,957,0.0
A,4,0.0,3,4,9,958,0.75
A,6,0.0,2,4,29,959,0.3333333333333333
A,11,0.0,1,0,19,960,0.09090909090909091
A,6,0.0,1,3,3,961,0.16666666666666666
A,8,108.3,3,1,38,962,0.375
A,5,0.0,3,3,18,963,0.6
A,3,0.0,1,0,64,964,0.3333333333333333
A,5,0.0,2,1,22,965,0.4
A,1,0.0,3,0,4,966,3.0
A,8,0.0,2,1,13,967,0.25
A,6,0.0,1,2,21,968,0.16666666666666666
A,4,0.0,2,3,1,969,0.5
A,7,0.0,1,2,1,970,0.14285714285714285
A,1,0.0,2,1,3,971,2.0
A,7,92.71,4,3,6,972,0.5714285714285714
A,3,0.0,1,0,11,973,0.3333333333333333
A,9,0.0,0,1,14,974,0.0
A,4,0.0,1,0,3,975,0.25
A,2,0.0,4,0,22,976,2.0
A,4,0.0,2,1,18,977,0.5
A,6,0.0,0,0,7,978,0.0
A,2,0.0,1,0,1,979,0.5
A,1,0.0,0,0,2,980,0.0
A,7,0.0,3,4,10,981,0.42857142857142855
A,7,0.0,1,1,4,982,0.14285714285714285
A,6,79.5,2,2,10,983,0.3333333333333333
A,8,0.0,2,3,20,984,0.25
A,7,0.0,3,2,16,985,0.42857142857142855
A,5,0.0,2,0,6,986,0.4
A,6,0.0,1,1,9,987,0.16666666666666666
A,6,0.0,4,0,19,988,0.6666666666666666
A,7,122.95,2,2,39,989,0.2857142857142857
A,6,0.0,2,1,28,990,0.3333333333333333
A,3,0.0,1,1,16,991,0.3333333333333333
A,3,0.0,4,1,9,992,1.3333333333333333
A,1,0.0,1,0,9,993,1.0
A,5,0.0,3,1,42,994,0.6
A,3,0.0,2,1,1,995,0.6666666666666666
A,9,0.0,1,4,87,996,0.1111111111111111
A,8,0.0,1,1,22,997,0.125
A,4,0.0,0,2,23,998,0.0
A,2,0.0,1,1,1,999,0.5
B,3,0.0,2,1,16,1000,0.6666666666666666
B,1,0.0,3,0,6,1001,3.0
B,8,0.0,3,2,6,1002,0.375
B,6,0.0,0,0,31,1003,0.0
B,1,0.0,5,0,68,1004,5.0
B,9,0.0,5,5,9,1005,0.5555555555555556
B,3,0.0,3,1,24,1006,1.0
B,9,0.0,3,1,7,1007,0.3333333333333333
B,4,0.0,3,1,54,1008,0.75
B,3,0.0,2,2,23,1009,0.6666666666666666
B,7,0.0,1,1,34,1010,0.14285714285714285
B,5,0.0,3,1,2,1011,0.6
B,6,0.0,3,1,19,1012,0.5
B,3,0.0,2,1,16,1013,0.6666666666666666
B,7,0.0,5,3,8,1014,0.7142857142857143
B,6,0.0,5,1,7,1015,0.8333333333333334
B,7,0.0,2,2,18,1016,0.2857142857142857
B,7,0.0,1,2,26,1017,0.14285714285714285
B,3,0.0,1,0,1,1018,0.3333333333333333
B,5,0.0,3,1,18,1019,0.6
B,9,0.0,5,2,4,1020,0.5555555555555556
B,5,0.0,2,0,4,1021,0.4
B,7,0.0,1,3,21,1022,0.14285714285714285
B,3,0.0,4,0,8,1023,1.3333333333333333
B,6,0.0,6,0,12,1024,1.0
B,6,0.0,1,1,10,1025,0.16666666666666666
B,5,0.0,3,0,22,1026,0.6
B,6,0.0,3,1,14,1027,0.5
B,5,87.91,5,1,68,1028,1.0
B,5,0.0,2,2,9,1029,0.4
B,5,0.0,0,3,28,1030,0.0
B,8,0.0,0,3,7,1031,0.0
B,5,0.0,2,0,15,1032,0.4
B,3,0.0,4,2,17,1033,1.3333333333333333
B,3,0.0,3,0,9,1034,1.0
B,3,0.0,1,1,14,1035,0.3333333333333333
B,8,0.0,4,2,7,1036,0.5
B,3,0.0,4,0,1,1037,1.3333333333333333
B,3,0.0,1,2,5,1038,0.3333333333333333
B,11,0.0,1,2,25,1039,0.09090909090909091
B,4,0.0,5,1,31,1040,1.25
B,10,0.0,2,1,7,1041,0.2
B,8,0.0,3,3,11,1042,0.375
B,3,0.0,5,1,1,1043,1.6666666666666667
B,7,0.0,1,1,6,1044,0.14285714285714285
B,5,0.0,0,2,31,1045,0.0
B,3,0.0,3,1,20,1046,1.0
B,5,0.0,1,1,5,1047,0.2
B,6,0.0,5,2,7,1048,0.8333333333333334
B,5,0.0,3,1,35,1049,0.6
B,5,0.0,5,0,5,1050,1.0
B,3,0.0,3,1,9,1051,1.0
B,9,0.0,1,2,23,1052,0.1111111111111111
B,6,0.0,0,1,17,1053,0.0
B,7,0.0,0,3,13,1054,0.0
B,5,0.0,2,0,48,1055,0.4
B,6,0.0,3,1,6,1056,0.5
B,6,0.0,3,0,28,1057,0.5
B,6,0.0,3,0,4,1058,0.5
B,3,0.0,0,0,20,1059,0.0
B,5,0.0,2,4,42,1060,0.4
B,4,60.58,1,0,13,1061,0.25
B,8,0.0,1,2,27,1062,0.125
B,4,0.0,0,0,36,1063,0.0
B,2,0.0,3,1,3,1064,1.5
B,6,0.0,2,4,26,1065,0.3333333333333333
B,4,0.0,2,0,52,1066,0.5
B,3,0.0,0,2,18,1067,0.0
B,4,0.0,4,4,5,1068,1.0
B,6,0.0,2,2,3,1069,0.3333333333333333
B,2,91.78,4,0,7,1070,2.0
B,7,0.0,3,2,3,1071,0.42857142857142855
B,4,0.0,6,2,15,1072,1.5
B,10,0.0,0,1,2,1073,0.0
B,8,0.0,3,2,6,1074,0.375
B,6,0.0,3,1,12,1075,0.5
B,7,0.0,3,1,14,1076,0.42857142857142855
B,3,100.06,2,2,18,1077,0.6666666666666666
B,4,0.0,4,1,26,1078,1.0
B,9,0.0,4,2,1,1079,0.4444444444444444
B,4,0.0,2,1,2,1080,0.5
B,5,0.0,2,0,2,1081,0.4
B,6,0.0,3,1,12,1082,0.5
B,5,0.0,2,1,1,1083,0.4
B,3,0.0,2,0,29,1084,0.6666666666666666
B,4,0.0,3,0,6,1085,0.75
B,8,0.0,3,0,58,1086,0.375
B,6,0.0,2,1,14,1087,0.3333333333333333
B,5,0.0,2,2,13,1088,0.4
B,7,0.0,2,3,32,1089,0.2857142857142857
B,2,0.0,4,0,26,1090,2.0
B,5,0.0,5,1,20,1091,1.0
B,2,0.0,4,1,57,1092,2.0
B,4,0.0,4,1,12,1093,1.0
B,10,0.0,3,5,34,1094,0.3
B,4,0.0,2,2,10,1095,0.5
B,4,0.0,6,0,38,1096,1.5
B,11,0.0,1,2,7,1097,0.09090909090909091
B,3,0.0,0,0,7,1098,0.0
B,4,0.0,2,0,24,1099,0.5
B,2,0.0,0,1,5,1100,0.0
B,4,0.0,3,2,6,1101,0.75
B,4,0.0,5,0,8,1102,1.25
B,5,102.6,5,1,24,1103,1.0
B,3,0.0,2,1,46,1104,0.6666666666666666
B,9,0.0,2,2,24,1105,0.2222222222222222
B,3,0.0,1,1,37,1106,0.3333333333333333
B,4,0.0,2,2,17,1107,0.5
B,5,0.0,4,0,2,1108,0.8
B,5,0.0,5,0,3,1109,1.0
B,9,0.0,0,0,17,1110,0.0
B,4,0.0,1,1,9,1111,0.25
B,6,0.0,1,1,6,1112,0.16666666666666666
B,3,0.0,3,1,13,1113,1.0
B,8,112.38,1,2,23,1114,0.125
B,7,0.0,1,3,10,1115,0.14285714285714285
B,5,0.0,0,1,34,1116,0.0
B,9,0.0,3,2,28,1117,0.3333333333333333
B,3,0.0,2,1,28,1118,0.6666666666666666
B,1,0.0,2,1,87,1119,2.0
B,7,0.0,2,1,8,1120,0.2857142857142857
B,6,0.0,4,1,22,1121,0.6666666666666666
B,3,0.0,1,1,40,1122,0.3333333333333333
B,10,0.0,5,1,18,1123,0.5
B,5,0.0,4,1,32,1124,0.8
B,11,0.0,3,2,11,1125,0.2727272727272727
B,2,0.0,1,0,19,1126,0.5
B,3,0.0,4,0,2,1127,1.3333333333333333
B,3,0.0,1,1,88,1128,0.3333333333333333
B,2,0.0,4,1,33,1129,2.0
B,3,0.0,3,1,42,1130,1.0
B,6,0.0,3,4,25,1131,0.5
B,6,0.0,3,0,5,1132,0.5
B,7,0.0,3,1,1,1133,0.42857142857142855
B,3,0.0,5,1,41,1134,1.6666666666666667
B,5,0.0,0,1,11,1135,0.0
B,2,0.0,1,0,7,1136,0.5
B,5,0.0,4,0,17,1137,0.8
B,5,0.0,4,1,12,1138,0.8
B,3,0.0,3,1,22,1139,1.0
B,2,0.0,3,0,14,1140,1.5
B,3,0.0,2,2,25,1141,0.6666666666666666
B,10,0.0,2,1,40,1142,0.2
B,8,0.0,4,5,5,1143,0.5
B,5,0.0,2,2,9,1144,0.4
B,6,0.0,0,1,12,1145,0.0
B,3,0.0,1,1,68,1146,0.3333333333333333
B,13,0.0,5,4,10,1147,0.38461538461538464
B,6,0.0,2,1,10,1148,0.3333333333333333
B,5,0.0,3,1,22,1149,0.6
B,3,0.0,0,1,12,1150,0.0
B,7,0.0,1,2,62,1151,0.14285714285714285
B,2,0.0,1,0,47,1152,0.5
B,6,0.0,2,1,15,1153,0.3333333333333333
B,8,0.0,4,2,22,1154,0.5
B,3,89.8,3,1,2,1155,1.0
B,8,0.0,0,2,25,1156,0.0
B,3,0.0,2,1,26,1157,0.6666666666666666
B,5,0.0,2,2,10,1158,0.4
B,6,0.0,5,2,6,1159,0.8333333333333334
B,3,84.12,2,1,51,1160,0.6666666666666666
B,7,0.0,5,2,12,1161,0.7142857142857143
B,5,0.0,2,2,22,1162,0.4
B,4,0.0,2,1,1,1163,0.5
B,9,0.0,4,0,11,1164,0.4444444444444444
B,4,0.0,4,4,35,1165,1.0
B,2,0.0,2,0,11,1166,1.0
B,7,0.0,2,1,19,1167,0.2857142857142857
B,1,0.0,5,0,5,1168,5.0
B,0,0.0,0,0,12,1169,
B,3,0.0,2,1,54,1170,0.6666666666666666
B,10,0.0,1,2,18,1171,0.1
B,2,0.0,1,1,48,1172,0.5
B,9,0.0,6,1,48,1173,0.6666666666666666
B,3,0.0,3,0,60,1174,1.0
B,6,0.0,1,1,47,1175,0.16666666666666666
B,5,0.0,5,1,1,1176,1.0
B,3,0.0,2,1,56,1177,0.6666666666666666
B,8,0.0,2,2,4,1178,0.25
B,4,0.0,0,1,1,1179,0.0
B,5,0.0,2,3,2,1180,0.4
B,4,0.0,0,0,9,1181,0.0
B,4,0.0,1,1,20,1182,0.25
B,3,0.0,3,0,11,1183,1.0
B,5,0.0,5,0,1,1184,1.0
B,3,0.0,2,0,14,1185,0.6666666666666666
B,7,0.0,0,0,12,1186,0.0
B,2,0.0,2,1,29,1187,1.0
B,7,104.69,1,2,7,1188,0.14285714285714285
B,4,0.0,2,2,6,1189,0.5
B,3,0.0,5,1,7,1190,1.6666666666666667
B,4,0.0,5,1,8,1191,1.25
B,9,0.0,0,3,19,1192,0.0
B,14,0.0,1,6,14,1193,0.07142857142857142
B,8,0.0,2,0,9,1194,0.25
B,1,0.0,1,0,10,1195,1.0
B,6,0.0,5,2,10,1196,0.8333333333333334
B,2,0.0,1,2,74,1197,0.5
B,4,0.0,1,3,6,1198,0.25
B,4,0.0,0,1,35,1199,0.0
B,8,0.0,4,1,26,1200,0.5
B,7,0.0,1,0,1,1201,0.14285714285714285
B,4,0.0,2,2,103,1202,0.5
B,8,0.0,2,2,29,1203,0.25
B,6,0.0,4,1,24,1204,0.6666666666666666
B,7,0.0,1,4,11,1205,0.14285714285714285
B,6,0.0,0,0,17,1206,0.0
B,8,0.0,1,3,6,1207,0.125
B,7,0.0,4,2,1,1208,0.5714285714285714
B,2,0.0,5,0,38,1209,2.5
B,2,0.0,2,0,47,1210,1.0
B,6,0.0,5,0,4,1211,0.8333333333333334
B,8,0.0,1,2,32,1212,0.125
B,4,0.0,2,1,28,1213,0.5
B,6,0.0,1,0,5,1214,0.16666666666666666
B,8,0.0,4,5,12,1215,0.5
B,6,0.0,3,1,12,1216,0.5
B,4,0.0,3,0,30,1217,0.75
B,6,0.0,2,1,38,1218,0.3333333333333333
B,6,0.0,7,0,3,1219,1.1666666666666667
B,5,0.0,1,5,17,1220,0.2
B,4,0.0,2,0,30,1221,0.5
B,4,0.0,5,1,32,1222,1.25
B,9,63.02,1,4,4,1223,0.1111111111111111
B,5,0.0,1,2,16,1224,0.2
B,7,0.0,3,1,40,1225,0.42857142857142855
B,11,0.0,3,5,8,1226,0.2727272727272727
B,6,0.0,6,2,12,1227,1.0
B,8,77.13,2,1,34,1228,0.25
B,8,0.0,1,2,2,1229,0.125
B,5,0.0,3,3,41,1230,0.6
B,6,0.0,3,1,8,1231,0.5
B,10,0.0,3,3,1,1232,0.3
B,9,0.0,3,5,6,1233,0.3333333333333333
B,5,0.0,2,2,2,1234,0.4
B,6,0.0,5,0,2,1235,0.8333333333333334
B,2,0.0,1,0,25,1236,0.5
B,4,0.0,3,1,5,1237,0.75
B,4,0.0,4,0,56,1238,1.0
B,7,0.0,1,4,15,1239,0.14285714285714285
B,3,0.0,4,0,13,1240,1.3333333333333333
B,3,0.0,0,1,12,1241,0.0
B,6,0.0,3,2,25,1242,0.5
B,3,0.0,3,1,13,1243,1.0
B,5,0.0,4,1,3,1244,0.8
B,3,0.0,2,0,44,1245,0.6666666666666666
B,8,64.78,4,2,12,1246,0.5
B,3,0.0,3,2,2,1247,1.0
B,8,0.0,1,3,16,1248,0.125
B,5,0.0,3,1,22,1249,0.6
B,7,0.0,3,0,7,1250,0.42857142857142855
B,3,0.0,3,1,34,1251,1.0
B,5,0.0,2,3,23,1252,0.4
B,7,0.0,3,1,22,1253,0.42857142857142855
B,10,0.0,1,3,12,1254,0.1
B,7,0.0,2,1,67,1255,0.2857142857142857
B,7,0.0,1,2,7,1256,0.14285714285714285
B,7,0.0,4,3,18,1257,0.5714285714285714
B,5,0.0,5,0,8,1258,1.0
B,2,0.0,2,0,28,1259,1.0
B,3,0.0,4,0,2,1260,1.3333333333333333
B,9,0.0,4,2,1,1261,0.4444444444444444
B,4,0.0,5,1,35,1262,1.25
B,8,0.0,0,0,12,1263,0.0
B,10,0.0,0,3,9,1264,0.0
B,4,0.0,0,0,20,1265,0.0
B,4,133.13,4,1,25,1266,1.0
B,5,0.0,3,0,5,1267,0.6
B,4,0.0,0,1,5,1268,0.0
B,5,82.03,1,2,66,1269,0.2
B,6,0.0,2,4,19,1270,0.3333333333333333
B,3,90.74,1,2,11,1271,0.3333333333333333
B,3,0.0,1,0,34,1272,0.3333333333333333
B,5,70.13,7,0,16,1273,1.4
B,4,0.0,3,1,6,1274,0.75
B,5,0.0,1,1,5,1275,0.2
B,8,0.0,0,0,11,1276,0.0
B,4,0.0,2,0,41,1277,0.5
B,7,0.0,2,2,2,1278,0.2857142857142857
B,4,0.0,1,2,6,1279,0.25
B,4,0.0,1,2,46,1280,0.25
B,11,91.69,4,1,3,1281,0.36363636363636365
B,7,0.0,2,1,21,1282,0.2857142857142857
B,2,0.0,4,0,5,1283,2.0
B,6,0.0,4,1,20,1284,0.6666666666666666
B,11,0.0,0,4,10,1285,0.0
B,3,0.0,4,1,3,1286,1.3333333333333333
B,5,0.0,2,1,18,1287,0.4
B,4,0.0,1,0,24,1288,0.25
B,2,0.0,4,0,24,1289,2.0
B,8,0.0,1,4,21,1290,0.125
B,3,0.0,3,0,15,1291,1.0
B,7,0.0,2,1,16,1292,0.2857142857142857
B,8,0.0,5,3,21,1293,0.625
B,5,0.0,2,2,25,1294,0.4
B,6,0.0,5,3,22,1295,0.8333333333333334
B,5,0.0,1,1,19,1296,0.2
B,2,0.0,2,0,4,1297,1.0
B,2,0.0,1,0,5,1298,0.5
B,6,0.0,2,3,7,1299,0.3333333333333333
B,4,0.0,1,2,52,1300,0.25
B,5,0.0,3,2,30,1301,0.6
B,4,0.0,4,0,17,1302,1.0
B,6,98.74,3,2,6,1303,0.5
B,3,0.0,1,1,3,1304,0.3333333333333333
B,3,80.33,1,0,47,1305,0.3333333333333333
B,4,0.0,0,0,46,1306,0.0
B,3,0.0,5,1,3,1307,1.6666666666666667
B,5,0.0,2,1,33,1308,0.4
B,4,91.97,1,2,13,1309,0.25
B,8,0.0,5,3,9,1310,0.625
B,2,0.0,3,0,28,1311,1.5
B,10,0.0,2,3,20,1312,0.2
B,7,0.0,3,1,32,1313,0.42857142857142855
B,5,0.0,4,1,2,1314,0.8
B,4,110.55,1,1,8,1315,0.25
B,4,0.0,6,2,8,1316,1.5
B,7,0.0,2,2,9,1317,0.2857142857142857
B,4,0.0,2,2,15,1318,0.5
B,6,0.0,4,2,7,1319,0.6666666666666666
B,4,0.0,1,1,13,1320,0.25
B,6,0.0,4,1,10,1321,0.6666666666666666
B,5,0.0,3,2,28,1322,0.6
B,7,0.0,8,0,19,1323,1.1428571428571428
B,6,111.94,4,3,22,1324,0.6666666666666666
B,2,0.0,2,1,5,1325,1.0
B,6,0.0,1,1,9,1326,0.16666666666666666
B,4,115.01,1,3,1,1327,0.25
B,7,0.0,1,1,3,1328,0.14285714285714285
B,3,0.0,4,2,7,1329,1.3333333333333333
B,8,0.0,2,1,2,1330,0.25
B,6,0.0,2,2,19,1331,0.3333333333333333
B,2,0.0,2,0,129,1332,1.0
B,7,0.0,5,2,3,1333,0.7142857142857143
B,15,0.0,1,2,36,1334,0.06666666666666667
B,7,0.0,2,1,3,1335,0.2857142857142857
B,6,94.04,2,0,23,1336,0.3333333333333333
B,3,0.0,1,2,22,1337,0.3333333333333333
B,2,0.0,0,0,48,1338,0.0
B,5,0.0,2,2,3,1339,0.4
B,7,0.0,2,3,8,1340,0.2857142857142857
B,6,0.0,3,3,2,1341,0.5
B,4,0.0,5,0,11,1342,1.25
B,0,0.0,0,0,50,1343,
B,6,0.0,6,1,32,1344,1.0
B,9,0.0,3,3,27,1345,0.3333333333333333
B,2,0.0,1,1,16,1346,0.5
B,3,0.0,1,0,45,1347,0.3333333333333333
B,0,0.0,0,0,13,1348,
B,5,0.0,2,1,4,1349,0.4
B,7,0.0,4,1,38,1350,0.5714285714285714
B,7,0.0,4,3,7,1351,0.5714285714285714
B,9,0.0,2,2,2,1352,0.2222222222222222
B,5,0.0,1,3,3,1353,0.2
B,6,0.0,6,1,20,1354,1.0
B,5,101.9,1,3,20,1355,0.2
B,7,103.48,3,2,7,1356,0.42857142857142855
B,7,0.0,2,3,27,1357,0.2857142857142857
B,3,0.0,5,0,31,1358,1.6666666666666667
B,6,0.0,3,2,52,1359,0.5
B,6,0.0,3,0,19,1360,0.5
B,3,0.0,1,0,31,1361,0.3333333333333333
B,6,0.0,1,2,29,1362,0.16666666666666666
B,8,88.14,6,3,7,1363,0.75
B,5,0.0,0,0,8,1364,0.0
B,7,0.0,2,2,14,1365,0.2857142857142857
B,5,0.0,1,1,1,1366,0.2
B,3,0.0,3,0,8,1367,1.0
B,8,0.0,4,2,14,1368,0.5
B,6,0.0,4,2,3,1369,0.6666666666666666
B,2,0.0,1,0,3,1370,0.5
B,3,0.0,2,1,13,1371,0.6666666666666666
B,8,0.0,5,2,27,1372,0.625
B,3,0.0,0,1,37,1373,0.0
B,7,0.0,1,1,17,1374,0.14285714285714285
B,5,0.0,3,2,14,1375,0.6
B,3,0.0,2,0,10,1376,0.6666666666666666
B,2,0.0,3,0,5,1377,1.5
B,9,0.0,5,1,4,1378,0.5555555555555556
B,4,0.0,3,2,33,1379,0.75
B,6,94.58,2,2,13,1380,0.3333333333333333
B,7,0.0,1,0,33,1381,0.14285714285714285
B,3,0.0,6,0,25,1382,2.0
B,5,0.0,2,1,5,1383,0.4
B,4,79.26,1,0,15,1384,0.25
B,7,0.0,4,2,13,1385,0.5714285714285714
B,7,0.0,3,2,12,1386,0.42857142857142855
B,9,0.0,2,4,17,1387,0.2222222222222222
B,8,0.0,0,4,83,1388,0.0
B,2,0.0,6,1,35,1389,3.0
B,9,0.0,1,0,48,1390,0.1111111111111111
B,2,0.0,3,0,1,1391,1.5
B,5,70.64,1,1,4,1392,0.2
B,4,0.0,4,1,2,1393,1.0
B,5,0.0,3,1,7,1394,0.6
B,4,0.0,3,3,12,1395,0.75
B,8,0.0,1,3,22,1396,0.125
B,0,0.0,0,0,15,1397,
B,7,0.0,3,1,48,1398,0.42857142857142855
B,4,0.0,6,2,58,1399,1.5
B,6,0.0,1,2,4,1400,0.16666666666666666
B,2,0.0,2,0,40,1401,1.0
B,4,0.0,4,1,14,1402,1.0
B,3,91.03,3,1,13,1403,1.0
B,3,100.44,4,1,32,1404,1.3333333333333333
B,4,0.0,0,0,3,1405,0.0
B,5,0.0,3,2,44,1406,0.6
B,8,0.0,1,2,23,1407,0.125
B,8,84.81,1,1,43,1408,0.125
B,1,0.0,1,0,107,1409,1.0
B,8,0.0,6,3,15,1410,0.75
B,1,0.0,2,1,3,1411,2.0
B,3,0.0,5,0,4,1412,1.6666666666666667
B,5,0.0,4,4,9,1413,0.8
B,7,0.0,3,1,3,1414,0.42857142857142855
B,5,0.0,4,1,35,1415,0.8
B,6,0.0,3,2,8,1416,0.5
B,3,0.0,3,0,77,1417,1.0
B,3,0.0,2,1,25,1418,0.6666666666666666
B,5,0.0,3,2,4,1419,0.6
B,4,0.0,1,1,14,1420,0.25
B,5,0.0,5,1,13,1421,1.0
B,3,0.0,1,0,14,1422,0.3333333333333333
B,5,0.0,1,0,16,1423,0.2
B,4,0.0,3,0,1,1424,0.75
B,9,0.0,3,5,24,1425,0.3333333333333333
B,2,0.0,3,1,14,1426,1.5
B,5,0.0,0,3,33,1427,0.0
B,5,0.0,2,0,35,1428,0.4
B,2,0.0,1,1,6,1429,0.5
B,5,0.0,1,0,2,1430,0.2
B,5,0.0,2,2,25,1431,0.4
B,5,0.0,4,1,79,1432,0.8
B,2,67.87,4,0,13,1433,2.0
B,4,98.28,3,1,7,1434,0.75
B,4,0.0,0,0,4,1435,0.0
B,7,0.0,1,2,7,1436,0.14285714285714285
B,2,0.0,2,1,9,1437,1.0
B,3,79.18,5,1,12,1438,1.6666666666666667
B,5,0.0,4,4,22,1439,0.8
B,5,0.0,2,1,7,1440,0.4
B,6,0.0,4,1,2,1441,0.6666666666666666
B,5,0.0,3,2,10,1442,0.6
B,3,0.0,2,1,40,1443,0.6666666666666666
B,2,0.0,3,0,15,1444,1.5
B,5,0.0,1,2,69,1445,0.2
B,7,0.0,1,0,15,1446,0.14285714285714285
B,5,0.0,0,0,7,1447,0.0
B,5,0.0,1,0,5,1448,0.2
B,7,0.0,2,0,25,1449,0.2857142857142857
B,7,0.0,4,0,16,1450,0.5714285714285714
B,10,120.36,1,0,19,1451,0.1
B,4,0.0,5,1,29,1452,1.25
B,4,0.0,2,0,27,1453,0.5
B,0,0.0,0,0,1,1454,
B,3,0.0,1,1,34,1455,0.3333333333333333
B,4,0.0,3,0,16,1456,0.75
B,9,0.0,2,0,11,1457,0.2222222222222222
B,7,0.0,1,1,16,1458,0.14285714285714285
B,7,0.0,1,1,20,1459,0.14285714285714285
B,5,0.0,2,1,4,1460,0.4
B,8,94.58,1,2,12,1461,0.125
B,7,0.0,0,2,9,1462,0.0
B,3,87.95,1,1,9,1463,0.3333333333333333
B,2,0.0,3,1,2,1464,1.5
B,2,0.0,3,0,4,1465,1.5
B,6,0.0,3,1,4,1466,0.5
B,2,0.0,2,0,10,1467,1.0
B,10,0.0,3,3,47,1468,0.3
B,10,0.0,3,1,5,1469,0.3
B,3,0.0,1,1,12,1470,0.3333333333333333
B,3,0.0,1,0,8,1471,0.3333333333333333
B,8,141.27,5,2,32,1472,0.625
B,6,0.0,4,3,2,1473,0.6666666666666666
B,7,94.12,4,4,5,1474,0.5714285714285714
B,5,0.0,0,0,5,1475,0.0
B,5,0.0,0,1,102,1476,0.0
B,9,0.0,2,3,18,1477,0.2222222222222222
B,2,0.0,2,0,4,1478,1.0
B,6,0.0,4,1,7,1479,0.6666666666666666
B,5,0.0,3,2,4,1480,0.6
B,7,0.0,2,2,3,1481,0.2857142857142857
B,6,0.0,2,4,33,1482,0.3333333333333333
B,8,0.0,1,2,15,1483,0.125
B,6,0.0,1,1,21,1484,0.16666666666666666
B,6,0.0,0,2,9,1485,0.0
B,5,0.0,2,2,17,1486,0.4
B,7,0.0,3,2,7,1487,0.42857142857142855
B,4,0.0,4,1,8,1488,1.0
B,2,0.0,0,2,22,1489,0.0
B,6,0.0,3,2,4,1490,0.5
B,6,0.0,0,1,20,1491,0.0
B,4,0.0,2,1,40,1492,0.5
B,3,0.0,0,1,3,1493,0.0
B,3,0.0,4,0,47,1494,1.3333333333333333
B,10,0.0,1,2,2,1495,0.1
B,6,0.0,7,2,9,1496,1.1666666666666667
B,6,0.0,2,1,20,1497,0.3333333333333333
B,4,0.0,1,2,17,1498,0.25
B,2,0.0,1,0,3,1499,0.5
B,7,0.0,3,4,33,1500,0.42857142857142855
B,6,0.0,1,1,75,1501,0.16666666666666666
B,5,0.0,3,0,5,1502,0.6
B,5,0.0,0,1,47,1503,0.0
B,8,102.88,4,2,17,1504,0.5
B,9,0.0,1,2,57,1505,0.1111111111111111
B,2,0.0,1,0,4,1506,0.5
B,6,0.0,1,2,33,1507,0.16666666666666666
B,3,0.0,1,0,2,1508,0.3333333333333333
B,2,0.0,2,1,45,1509,1.0
B,5,0.0,2,2,23,1510,0.4
B,3,0.0,4,1,10,1511,1.3333333333333333
B,4,0.0,4,1,5,1512,1.0
B,5,95.78,3,1,35,1513,0.6
B,4,0.0,2,1,19,1514,0.5
B,5,97.75,1,2,10,1515,0.2
B,2,0.0,5,1,13,1516,2.5
B,4,0.0,1,1,36,1517,0.25
B,5,0.0,2,0,9,1518,0.4
B,7,0.0,1,1,2,1519,0.14285714285714285
B,10,0.0,2,2,50,1520,0.2
B,6,0.0,2,2,11,1521,0.3333333333333333
B,7,96.33,4,2,9,1522,0.5714285714285714
B,7,0.0,2,1,5,1523,0.2857142857142857
B,8,0.0,8,2,47,1524,1.0
B,2,0.0,2,2,6,1525,1.0
B,5,0.0,1,2,21,1526,0.2
B,4,99.83,6,0,44,1527,1.5
B,4,0.0,2,1,1,1528,0.5
B,5,0.0,2,1,37,1529,0.4
B,5,0.0,2,2,11,1530,0.4
B,7,0.0,0,1,22,1531,0.0
B,3,0.0,2,1,10,1532,0.6666666666666666
B,3,0.0,3,1,25,1533,1.0
B,6,0.0,4,1,7,1534,0.6666666666666666
B,3,0.0,3,1,1,1535,1.0
B,9,0.0,2,0,61,1536,0.2222222222222222
B,8,0.0,0,2,1,1537,0.0
B,7,0.0,3,0,36,1538,0.42857142857142855
B,3,0.0,2,0,4,1539,0.6666666666666666
B,6,91.66,3,2,11,1540,0.5
B,3,0.0,2,0,36,1541,0.6666666666666666
B,8,0.0,0,1,5,1542,0.0
B,10,140.43,2,3,42,1543,0.2
B,6,0.0,3,2,15,1544,0.5
B,7,0.0,1,0,10,1545,0.14285714285714285
B,2,0.0,4,1,23,1546,2.0
B,5,0.0,2,0,9,1547,0.4
B,8,0.0,0,1,9,1548,0.0
B,7,0.0,3,2,28,1549,0.42857142857142855
B,3,0.0,1,0,8,1550,0.3333333333333333
B,5,0.0,4,4,5,1551,0.8
B,7,100.01,5,1,34,1552,0.7142857142857143
B,5,0.0,3,2,34,1553,0.6
B,4,80.79,1,2,15,1554,0.25
B,7,0.0,1,5,16,1555,0.14285714285714285
B,1,0.0,2,0,25,1556,2.0
B,5,0.0,2,2,15,1557,0.4
B,1,69.8,2,1,12,1558,2.0
B,5,0.0,1,0,109,1559,0.2
B,9,0.0,4,2,4,1560,0.4444444444444444
B,3,0.0,2,0,19,1561,0.6666666666666666
B,5,0.0,3,1,45,1562,0.6
B,7,0.0,1,2,24,1563,0.14285714285714285
B,7,83.41,3,1,44,1564,0.42857142857142855
B,3,0.0,1,1,9,1565,0.3333333333333333
B,11,0.0,4,0,7,1566,0.36363636363636365
B,6,0.0,2,2,40,1567,0.3333333333333333
B,2,90.29,1,0,11,1568,0.5
B,4,62.09,6,1,26,1569,1.5
B,11,0.0,1,1,4,1570,0.09090909090909091
B,6,0.0,3,1,29,1571,0.5
B,7,0.0,0,2,17,1572,0.0
B,3,0.0,4,0,7,1573,1.3333333333333333
B,8,0.0,1,2,14,1574,0.125
B,7,0.0,2,3,25,1575,0.2857142857142857
B,4,0.0,0,0,1,1576,0.0
B,5,0.0,4,2,21,1577,0.8
B,4,0.0,1,0,16,1578,0.25
B,3,0.0,6,0,6,1579,2.0
B,10,0.0,3,1,29,1580,0.3
B,3,110.54,2,3,8,1581,0.6666666666666666
B,4,0.0,4,0,7,1582,1.0
B,4,0.0,1,2,14,1583,0.25
B,2,115.5,2,2,24,1584,1.0
B,3,0.0,2,0,55,1585,0.6666666666666666
B,5,0.0,1,1,4,1586,0.2
B,12,89.09,1,4,11,1587,0.08333333333333333
B,7,0.0,2,1,2,1588,0.2857142857142857
B,5,0.0,1,0,30,1589,0.2
B,6,0.0,2,1,13,1590,0.3333333333333333
B,5,0.0,2,2,26,1591,0.4
B,9,0.0,2,3,8,1592,0.2222222222222222
B,3,79.63,2,0,39,1593,0.6666666666666666
B,7,0.0,5,1,16,1594,0.7142857142857143
B,6,71.13,7,3,59,1595,1.1666666666666667
B,5,99.22,2,0,2,1596,0.4
B,3,0.0,1,1,15,1597,0.3333333333333333
B,8,0.0,3,0,30,1598,0.375
B,4,0.0,1,2,19,1599,0.25
B,2,0.0,1,1,1,1600,0.5
B,6,0.0,2,1,74,1601,0.3333333333333333
B,3,96.01,2,0,8,1602,0.6666666666666666
B,5,0.0,0,1,6,1603,0.0
B,8,0.0,1,1,14,1604,0.125
B,9,0.0,4,2,17,1605,0.4444444444444444
B,7,0.0,0,2,30,1606,0.0
B,6,0.0,3,1,11,1607,0.5
B,4,102.55,1,1,12,1608,0.25
B,4,73.76,3,2,16,1609,0.75
B,10,0.0,1,3,11,1610,0.1
B,7,0.0,10,1,51,1611,1.4285714285714286
B,5,0.0,0,2,40,1612,0.0
B,2,0.0,0,1,13,1613,0.0
B,8,0.0,4,2,1,1614,0.5
B,4,0.0,2,0,48,1615,0.5
B,6,0.0,3,0,3,1616,0.5
B,6,0.0,0,2,6,1617,0.0
B,2,0.0,0,1,4,1618,0.0
B,4,0.0,1,1,5,1619,0.25
B,3,0.0,3,0,34,1620,1.0
B,10,0.0,3,3,18,1621,0.3
B,5,0.0,4,2,65,1622,0.8
B,6,0.0,1,1,6,1623,0.16666666666666666
B,8,0.0,0,1,14,1624,0.0
B,2,0.0,2,1,78,1625,1.0
B,8,0.0,3,3,36,1626,0.375
B,7,109.43,3,0,27,1627,0.42857142857142855
B,4,0.0,2,1,5,1628,0.5
B,5,0.0,3,2,31,1629,0.6
B,8,0.0,0,2,9,1630,0.0
B,11,0.0,1,3,16,1631,0.09090909090909091
B,6,0.0,3,2,20,1632,0.5
B,13,0.0,2,2,20,1633,0.15384615384615385
B,2,0.0,4,0,27,1634,2.0
B,1,0.0,4,0,23,1635,4.0
B,8,74.34,1,0,2,1636,0.125
B,4,0.0,2,1,13,1637,0.5
B,4,0.0,3,1,23,1638,0.75
B,3,0.0,1,0,8,1639,0.3333333333333333
B,5,0.0,3,1,8,1640,0.6
B,7,0.0,3,2,3,1641,0.42857142857142855
B,4,0.0,3,0,12,1642,0.75
B,4,0.0,2,1,89,1643,0.5
B,7,0.0,6,3,7,1644,0.8571428571428571
B,10,0.0,5,2,16,1645,0.5
B,5,0.0,2,1,28,1646,0.4
B,7,0.0,3,0,1,1647,0.42857142857142855
B,6,139.34,1,0,48,1648,0.16666666666666666
B,6,0.0,5,0,11,1649,0.8333333333333334
B,6,0.0,0,2,42,1650,0.0
B,4,0.0,6,1,1,1651,1.5
B,6,0.0,2,1,4,1652,0.3333333333333333
B,10,0.0,0,3,8,1653,0.0
B,4,0.0,2,0,9,1654,0.5
B,4,83.33,2,0,39,1655,0.5
B,8,0.0,1,2,1,1656,0.125
B,3,59.79,1,0,22,1657,0.3333333333333333
B,4,0.0,2,1,3,1658,0.5
B,5,0.0,1,1,36,1659,0.2
B,3,0.0,2,0,31,1660,0.6666666666666666
B,2,0.0,3,1,15,1661,1.5
B,9,0.0,5,4,5,1662,0.5555555555555556
B,6,0.0,4,2,21,1663,0.6666666666666666
B,6,0.0,0,3,4,1664,0.0
B,7,94.77,3,2,5,1665,0.42857142857142855
B,1,0.0,0,0,21,1666,0.0
B,7,0.0,6,2,98,1667,0.8571428571428571
B,7,0.0,4,3,46,1668,0.5714285714285714
B,10,0.0,4,3,19,1669,0.4
B,6,0.0,4,0,16,1670,0.6666666666666666
B,3,0.0,2,1,132,1671,0.6666666666666666
B,2,0.0,1,1,17,1672,0.5
B,7,0.0,1,3,12,1673,0.14285714285714285
B,3,0.0,1,0,50,1674,0.3333333333333333
B,5,0.0,1,1,6,1675,0.2
B,1,0.0,0,0,3,1676,0.0
B,8,0.0,2,2,21,1677,0.25
B,2,0.0,3,0,3,1678,1.5
B,6,0.0,2,1,10,1679,0.3333333333333333
B,4,0.0,2,0,12,1680,0.5
B,4,0.0,3,0,17,1681,0.75
B,3,0.0,3,1,99,1682,1.0
B,7,0.0,4,3,6,1683,0.5714285714285714
B,7,102.04,3,0,10,1684,0.42857142857142855
B,7,0.0,4,2,3,1685,0.5714285714285714
B,4,0.0,1,0,20,1686,0.25
B,6,0.0,0,0,27,1687,0.0
B,6,0.0,4,2,14,1688,0.6666666666666666
B,6,0.0,2,2,6,1689,0.3333333333333333
B,7,0.0,6,3,20,1690,0.8571428571428571
B,10,0.0,1,2,16,1691,0.1
B,12,0.0,2,5,4,1692,0.16666666666666666
B,5,0.0,1,0,11,1693,0.2
B,7,114.82,1,1,12,1694,0.14285714285714285
B,10,0.0,3,1,84,1695,0.3
B,2,0.0,4,1,39,1696,2.0
B,4,0.0,4,0,28,1697,1.0
B,6,0.0,1,0,46,1698,0.16666666666666666
B,5,0.0,4,1,28,1699,0.8
B,4,0.0,0,0,48,1700,0.0
B,3,111.09,1,0,2,1701,0.3333333333333333
B,4,110.58,3,0,13,1702,0.75
B,3,0.0,3,0,29,1703,1.0
B,6,0.0,3,2,18,1704,0.5
B,11,0.0,1,3,4,1705,0.09090909090909091
B,3,0.0,5,0,9,1706,1.6666666666666667
B,5,0.0,2,0,8,1707,0.4
B,4,0.0,0,2,7,1708,0.0
B,6,0.0,2,1,9,1709,0.3333333333333333
B,3,0.0,3,1,15,1710,1.0
B,8,0.0,1,2,40,1711,0.125
B,2,0.0,3,0,28,1712,1.5
B,6,0.0,0,4,37,1713,0.0
B,6,99.37,2,2,45,1714,0.3333333333333333
B,7,0.0,4,0,12,1715,0.5714285714285714
B,3,0.0,6,0,9,1716,2.0
B,7,0.0,2,1,2,1717,0.2857142857142857
B,4,0.0,4,0,55,1718,1.0
B,5,0.0,2,3,2,1719,0.4
B,5,0.0,6,2,28,1720,1.2
B,5,0.0,5,0,10,1721,1.0
B,6,0.0,2,1,61,1722,0.3333333333333333
B,6,65.46,1,2,12,1723,0.16666666666666666
B,5,0.0,4,0,35,1724,0.8
B,5,97.15,3,1,7,1725,0.6
B,4,102.36,2,1,8,1726,0.5
B,5,0.0,2,2,19,1727,0.4
B,2,102.96,4,1,128,1728,2.0
B,9,0.0,4,3,15,1729,0.4444444444444444
B,4,0.0,6,3,57,1730,1.5
B,1,0.0,3,0,32,1731,3.0
B,3,123.2,3,2,33,1732,1.0
B,6,0.0,3,0,12,1733,0.5
B,7,0.0,4,1,11,1734,0.5714285714285714
B,5,0.0,6,0,5,1735,1.2
B,3,131.75,4,1,69,1736,1.3333333333333333
B,5,0.0,2,0,66,1737,0.4
B,5,0.0,1,2,29,1738,0.2
B,4,0.0,1,1,8,1739,0.25
B,1,0.0,2,0,6,1740,2.0
B,3,0.0,3,1,92,1741,1.0
B,4,0.0,4,2,2,1742,1.0
B,6,0.0,3,2,39,1743,0.5
B,9,0.0,4,0,10,1744,0.4444444444444444
B,4,0.0,2,2,12,1745,0.5
B,2,0.0,3,1,37,1746,1.5
B,3,0.0,4,0,2,1747,1.3333333333333333
B,7,0.0,1,1,9,1748,0.14285714285714285
B,6,0.0,4,1,63,1749,0.6666666666666666
B,8,0.0,3,3,25,1750,0.375
B,5,73.3,5,1,29,1751,1.0
B,3,0.0,0,0,30,1752,0.0
B,6,0.0,2,3,2,1753,0.3333333333333333
B,4,0.0,0,0,5,1754,0.0
B,6,0.0,1,3,14,1755,0.16666666666666666
B,3,0.0,2,0,10,1756,0.6666666666666666
B,8,111.08,7,2,11,1757,0.875
B,8,0.0,3,1,32,1758,0.375
B,6,0.0,3,3,1,1759,0.5
B,6,0.0,3,2,23,1760,0.5
B,1,0.0,1,1,1,1761,1.0
B,7,0.0,2,2,2,1762,0.2857142857142857
B,2,0.0,1,0,11,1763,0.5
B,5,0.0,3,1,38,1764,0.6
B,5,0.0,1,1,4,1765,0.2
B,4,0.0,3,1,17,1766,0.75
B,2,0.0,6,1,24,1767,3.0
B,12,0.0,4,2,6,1768,0.3333333333333333
B,8,117.9,2,3,15,1769,0.25
B,5,0.0,2,3,50,1770,0.4
B,11,0.0,2,1,15,1771,0.18181818181818182
B,10,0.0,1,4,4,1772,0.1
B,4,116.18,2,1,21,1773,0.5
B,7,0.0,0,2,19,1774,0.0
B,5,0.0,3,1,1,1775,0.6
B,11,0.0,3,2,2,1776,0.2727272727272727
B,5,0.0,3,0,4,1777,0.6
B,7,0.0,4,4,4,1778,0.5714285714285714
B,4,0.0,1,2,7,1779,0.25
B,4,0.0,1,0,13,1780,0.25
B,1,0.0,1,1,10,1781,1.0
B,2,0.0,2,1,46,1782,1.0
B,4,0.0,0,2,20,1783,0.0
B,3,0.0,0,0,43,1784,0.0
B,3,0.0,2,0,16,1785,0.6666666666666666
B,11,0.0,0,3,2,1786,0.0
B,9,0.0,2,1,13,1787,0.2222222222222222
B,5,0.0,2,1,36,1788,0.4
B,8,0.0,2,2,5,1789,0.25
B,3,0.0,1,0,2,1790,0.3333333333333333
B,10,0.0,5,2,9,1791,0.5
B,4,0.0,4,3,11,1792,1.0
B,7,0.0,1,1,8,1793,0.14285714285714285
B,2,0.0,2,0,3,1794,1.0
B,3,0.0,2,1,6,1795,0.6666666666666666
B,6,0.0,5,2,24,1796,0.8333333333333334
B,8,0.0,3,3,10,1797,0.375
B,6,0.0,3,2,21,1798,0.5
B,4,0.0,1,0,16,1799,0.25
B,1,0.0,2,0,17,1800,2.0
B,9,0.0,0,3,6,1801,0.0
B,5,0.0,2,3,16,1802,0.4
B,3,0.0,3,1,1,1803,1.0
B,3,0.0,0,0,12,1804,0.0
B,3,0.0,4,0,18,1805,1.3333333333333333
B,3,110.93,2,0,5,1806,0.6666666666666666
B,4,0.0,6,2,7,1807,1.5
B,4,0.0,3,0,6,1808,0.75
B,6,0.0,6,1,2,1809,1.0
B,3,0.0,2,0,9,1810,0.6666666666666666
B,6,0.0,1,1,80,1811,0.16666666666666666
B,6,0.0,2,1,9,1812,0.3333333333333333
B,3,0.0,2,1,13,1813,0.6666666666666666
B,6,0.0,4,2,22,1814,0.6666666666666666
B,5,0.0,1,1,22,1815,0.2
B,7,0.0,4,2,62,1816,0.5714285714285714
B,5,0.0,3,1,40,1817,0.6
B,6,0.0,2,1,33,1818,0.3333333333333333
B,4,0.0,2,1,63,1819,0.5
B,8,0.0,4,2,6,1820,0.5
B,11,0.0,0,4,20,1821,0.0
B,6,0.0,3,2,45,1822,0.5
B,3,0.0,6,1,21,1823,2.0
B,4,0.0,2,1,78,1824,0.5
B,8,0.0,2,2,3,1825,0.25
B,6,0.0,1,2,12,1826,0.16666666666666666
B,5,0.0,2,0,78,1827,0.4
B,6,0.0,4,1,10,1828,0.6666666666666666
B,4,0.0,1,1,28,1829,0.25
B,5,0.0,6,0,1,1830,1.2
B,14,0.0,2,3,25,1831,0.14285714285714285
B,4,0.0,2,1,56,1832,0.5
B,6,0.0,5,4,10,1833,0.8333333333333334
B,2,0.0,3,1,1,1834,1.5
B,5,0.0,1,1,1,1835,0.2
B,5,118.99,2,1,46,1836,0.4
B,4,0.0,3,0,27,1837,0.75
B,3,0.0,0,0,3,1838,0.0
B,6,0.0,2,2,2,1839,0.3333333333333333
B,5,0.0,3,0,34,1840,0.6
B,8,0.0,3,1,35,1841,0.375
B,8,0.0,2,4,3,1842,0.25
B,9,0.0,2,3,8,1843,0.2222222222222222
B,3,0.0,0,1,32,1844,0.0
B,6,0.0,2,3,16,1845,0.3333333333333333
B,9,0.0,3,3,65,1846,0.3333333333333333
B,3,0.0,4,0,14,1847,1.3333333333333333
B,6,0.0,2,1,24,1848,0.3333333333333333
B,2,0.0,0,0,15,1849,0.0
B,5,0.0,0,1,59,1850,0.0
B,10,0.0,3,4,11,1851,0.3
B,7,0.0,2,2,6,1852,0.2857142857142857
B,6,0.0,1,0,9,1853,0.16666666666666666
B,7,0.0,6,1,40,1854,0.8571428571428571
B,5,0.0,3,0,15,1855,0.6
B,5,0.0,3,2,9,1856,0.6
B,5,0.0,2,2,17,1857,0.4
B,5,0.0,5,1,3,1858,1.0
B,2,0.0,6,0,1,1859,3.0
B,4,0.0,5,1,7,1860,1.25
B,7,89.06,4,2,20,1861,0.5714285714285714
B,7,0.0,2,2,26,1862,0.2857142857142857
B,6,0.0,3,3,36,1863,0.5
B,9,0.0,7,5,54,1864,0.7777777777777778
B,9,0.0,7,6,11,1865,0.7777777777777778
B,6,0.0,1,2,28,1866,0.16666666666666666
B,9,0.0,2,4,2,1867,0.2222222222222222
B,10,0.0,3,2,2,1868,0.3
B,7,0.0,2,3,3,1869,0.2857142857142857
B,3,0.0,6,2,13,1870,2.0
B,7,0.0,2,3,5,1871,0.2857142857142857
B,6,0.0,2,3,7,1872,0.3333333333333333
B,3,0.0,0,0,22,1873,0.0
B,9,94.04,4,1,10,1874,0.4444444444444444
B,1,0.0,5,0,17,1875,5.0
B,5,95.7,2,2,11,1876,0.4
B,2,0.0,2,0,4,1877,1.0
B,9,99.84,6,2,2,1878,0.6666666666666666
B,6,0.0,3,2,6,1879,0.5
B,1,0.0,2,0,2,1880,2.0
B,3,0.0,4,2,20,1881,1.3333333333333333
B,4,0.0,4,1,33,1882,1.0
B,4,0.0,0,2,9,1883,0.0
B,6,0.0,0,2,11,1884,0.0
B,9,0.0,3,3,35,1885,0.3333333333333333
B,5,0.0,2,1,6,1886,0.4
B,10,0.0,3,1,3,1887,0.3
B,10,0.0,2,5,15,1888,0.2
B,6,0.0,4,2,22,1889,0.6666666666666666
B,2,0.0,4,1,19,1890,2.0
B,3,0.0,2,1,26,1891,0.6666666666666666
B,12,0.0,6,2,2,1892,0.5
B,6,0.0,6,2,12,1893,1.0
B,11,0.0,3,1,6,1894,0.2727272727272727
B,4,0.0,3,1,30,1895,0.75
B,5,0.0,2,1,43,1896,0.4
B,3,0.0,2,1,7,1897,0.6666666666666666
B,3,0.0,0,1,3,1898,0.0
B,5,0.0,3,3,6,1899,0.6
B,3,0.0,0,1,3,1900,0.0
B,8,0.0,6,3,8,1901,0.75
B,6,0.0,1,2,16,1902,0.16666666666666666
B,4,0.0,1,1,75,1903,0.25
B,3,0.0,2,0,11,1904,0.6666666666666666
B,9,0.0,1,1,6,1905,0.1111111111111111
B,5,0.0,3,1,4,1906,0.6
B,3,0.0,0,0,4,1907,0.0
B,4,0.0,4,2,5,1908,1.0
B,7,0.0,1,2,30,1909,0.14285714285714285
B,5,0.0,1,2,2,1910,0.2
B,6,0.0,5,4,123,1911,0.8333333333333334
B,9,0.0,3,1,16,1912,0.3333333333333333
B,4,0.0,4,1,17,1913,1.0
B,5,0.0,2,2,10,1914,0.4
B,6,0.0,3,1,25,1915,0.5
B,7,0.0,2,1,14,1916,0.2857142857142857
B,3,0.0,2,1,9,1917,0.6666666666666666
B,4,0.0,1,3,7,1918,0.25
B,5,0.0,6,2,54,1919,1.2
B,5,101.1,3,1,8,1920,0.6
B,4,0.0,5,1,12,1921,1.25
B,1,103.2,1,0,9,1922,1.0
B,1,0.0,1,0,2,1923,1.0
B,2,0.0,3,0,5,1924,1.5
B,7,0.0,0,1,5,1925,0.0
B,0,0.0,0,0,25,1926,
B,9,0.0,1,3,11,1927,0.1111111111111111
B,5,0.0,3,2,32,1928,0.6
B,4,0.0,3,3,26,1929,0.75
B,0,0.0,0,0,5,1930,
B,6,87.97,1,0,17,1931,0.16666666666666666
B,6,0.0,2,2,28,1932,0.3333333333333333
B,2,0.0,0,2,21,1933,0.0
B,3,0.0,2,1,19,1934,0.6666666666666666
B,5,0.0,2,0,28,1935,0.4
B,7,0.0,3,3,2,1936,0.42857142857142855
B,5,0.0,2,0,27,1937,0.4
B,5,0.0,7,1,7,1938,1.4
B,6,0.0,1,1,18,1939,0.16666666666666666
B,4,0.0,7,2,6,1940,1.75
B,5,0.0,0,1,38,1941,0.0
B,4,0.0,3,2,14,1942,0.75
B,8,0.0,5,1,22,1943,0.625
B,6,0.0,3,1,33,1944,0.5
B,7,0.0,1,4,47,1945,0.14285714285714285
B,6,0.0,1,1,27,1946,0.16666666666666666
B,4,0.0,7,1,4,1947,1.75
B,4,0.0,3,1,40,1948,0.75
B,3,0.0,2,1,20,1949,0.6666666666666666
B,5,0.0,5,0,20,1950,1.0
B,4,0.0,1,1,53,1951,0.25
B,10,0.0,2,3,6,1952,0.2
B,8,0.0,1,2,6,1953,0.125
B,2,0.0,3,0,15,1954,1.5
B,3,0.0,2,1,29,1955,0.6666666666666666
B,7,0.0,3,2,13,1956,0.42857142857142855
B,4,0.0,4,0,21,1957,1.0
B,6,0.0,3,2,13,1958,0.5
B,4,0.0,1,2,20,1959,0.25
B,5,0.0,0,0,36,1960,0.0
B,5,0.0,2,1,5,1961,0.4
B,9,99.71,6,3,25,1962,0.6666666666666666
B,5,0.0,1,0,32,1963,0.2
B,4,0.0,2,0,13,1964,0.5
B,3,0.0,2,1,9,1965,0.6666666666666666
B,6,0.0,3,2,1,1966,0.5
B,4,0.0,2,0,33,1967,0.5
B,8,0.0,2,3,9,1968,0.25
B,10,0.0,4,3,10,1969,0.4
B,8,105.9,5,1,9,1970,0.625
B,8,0.0,1,2,15,1971,0.125
B,6,0.0,8,4,25,1972,1.3333333333333333
B,2,0.0,0,0,31,1973,0.0
B,3,0.0,3,1,11,1974,1.0
B,13,0.0,3,4,23,1975,0.23076923076923078
B,5,0.0,2,0,27,1976,0.4
B,2,0.0,1,0,8,1977,0.5
B,6,0.0,5,0,3,1978,0.8333333333333334
B,6,0.0,2,1,47,1979,0.3333333333333333
B,4,0.0,3,0,24,1980,0.75
B,8,0.0,7,3,22,1981,0.875
B,10,0.0,0,7,2,1982,0.0
B,10,0.0,2,1,35,1983,0.2
B,4,0.0,1,1,18,1984,0.25
B,3,0.0,3,0,39,1985,1.0
B,5,0.0,4,0,76,1986,0.8
B,7,0.0,2,1,65,1987,0.2857142857142857
B,5,0.0,2,1,40,1988,0.4
B,4,0.0,4,2,1,1989,1.0
B,6,0.0,3,1,45,1990,0.5
B,5,100.25,2,1,2,1991,0.4
B,5,0.0,2,1,40,1992,0.4
B,2,0.0,0,0,7,1993,0.0
B,8,0.0,3,4,20,1994,0.375
B,3,0.0,1,0,1,1995,0.3333333333333333
B,3,0.0,1,2,31,1996,0.3333333333333333
B,3,0.0,2,0,3,1997,0.6666666666666666
B,4,87.08,2,1,11,1998,0.5
B,7,0.0,5,6,35,1999,0.7142857142857143
